record_id,site,season,block,replicate,genotype,altitude_m,rainfall_mm,mean_temperature_c,irrigation_mm,canopy_cover_pct,late_blight_severity_pct,soil_ph,yield_t_ha,dry_matter_pct,plot_marker_number,harvest_value_usd_ha
PBT-0257,Canete,2025-A,2,2,CIP-SYN-002,75.5,29.6,22.4,469.5,74.4,0,5.83,34.88,16.2,6611,8908.6
PBT-0133,canete,2024-A,1,1,CIP-SYN-009,81.1,77.5,22.9,460.6,65.9,0,6.17,33.93,19.3,8718,10073.13
PBT-0123,Canete,2024-A,3,3,CIP-SYN-005,63.9,17.8,23.4,494.3,86.5,11.3,5.87,39.92,16.2,5893,11008.2
PBT-0065,Huancayo,2024-A,2,2,CIP-SYN-010,3271.3,556.1,11.2,147.0,71.1,135.0,5.8,22.76,19.5,1684,6650.26
PBT-0162,La Molina,2025-A,3,3,CIP-SYN-006,236.8,102.4,20.6,394.3,72.3,3.6,5.95,34.81,16.4,8747,10881.48
PBT-0276,Cañete,2025-A,3,3,CIP-SYN-008,75.0,46.4,23.3,428.5,73.1,21.7,5.91,35.56,20.7,3143,10953.66
PBT-0233,Cajamarca,2025-A,2,2,CIP-SYN-006,2735.8,686.9,13.8,207.9,61.4,,5.9,23.94,18.7,5397,7299.09
PBT-0155,La Molina,2025-A,2,2,CIP-SYN-004,222.5,132.1,22.1,404.0,61.0,0,5.75,31.12,20.0,7792,8636.01
PBT-0066,Huancayo,2024-A,3,3,CIP-SYN-010,3286.3,431.1,10.8,125.5,79.9,32.4,5.25,24.99,16.7,9637,7290.66
PBT-0030,La Molina,2024-A,3,3,CIP-SYN-010,231.3,74.2,21.2,418.7,69.6,11.5,5.79,34.01,18.8,1933,10376.81
PBT-0174,La Molina,2025-A,3,3,CIP-SYN-010,820 ft,151.3,22.0,415.4,68.2,12.9,5.87,31.33,19.3,8553,9140.48
PBT-0134,Canete,2024-A,2,2,CIP-SYN-009,63.0,80.0,23.7,456.6,70.8,9.6,6.9,36.69,19.9,4656,9696.47
PBT-0019,La Molina,2024-A,1,1,CIP-SYN-007,241.0,67.9,21.4,403.5,74.3,0,6.51,38.36,19.3,7443,12064.6
PBT-0170,La Molina,2025-A,2,2,CIP-SYN-009,231.4,130.7,21.1,401.8,76.9,19.2,5.51,31.38,17.9,2952,8931.98
PBT-0227,Cajamarca,2025-A,2,2,CIP-SYN-004,2728.5,716.0,15.2,225.2,66.5,20.5,5.6,25.46,19.1,6713,7071.56
PBT-0285,canete,2025-A,3,3,CIP-SYN-011,77.4,65.4,23.1,454.6,64.2,5.0,6.63,35.52,19.1,8968,9587.2
PBT-0175,La Molina,2025-A,1,1,CIP-SYN-011,232.9,55.2,21.4,473.8,61.0,1.6,6.27,32.98,19.9,6370,10039.92
PBT-0014,La Molina,2024-A,2,2,CIP-SYN-005,226.8,101.0,21.0,385.1,76.4,4.0,5.9,30.48,16.9,1966,8924.41
PBT-0138,Canete,2024-A,3,3,CIP-SYN-010,64.8,31.0,22.9,496.4,76.4,18.5,5.85,39.56,18.8,2544,10925.4
PBT-0100,Cajamarca,2024-A,1,1,CIP-SYN-010,2764.8,684.7,14.8,187.1,71.3,29.8,5.82,22.84,19.3,4973,5922.76
PBT-0060,Huancayo,2024-A,3,3,CIP-SYN-008,3237.2,470.7,12.1,137.3,73.3,38.5,5.52,19.67,,7076,5174.29
PBT-0214,Huancayo,2025-A,1,1,CIP-SYN-012,3246.1,543.1,13.1,161.1,56.2,18.2,5.82,19.44,17.3,9943,6026.77
PBT-0104,Cajamarca,2024-A,2,2,CIP-SYN-011,2770.6,693.5,16.0,222.2,65.5,20.9,6.3,30.13,18.3,6279,9290.34
PBT-0041,Huancayo,2024A,2,2,CIP-SYN-002,3251.1,514.7,11.3,190.7,70.3,6.0,5.79,29.86,20.2,4597,9275.52
PBT-0184,Huancayo,2025-A,1,1,CIP-SYN-002,3247.8,551.2,12.3,131.5,65.1,16.6,5.68,19.77,19.2,1318,5523.31
PBT-0254,Canete,2025-A,2,2,CIP-SYN-001,71.0,68.0,24.1,450.5,59.2,5.1,5.31,33.91,20.3,7697,8826.39
PBT-0203,Huancayo,2025-A,2,2,CIP-SYN-008,3275.5,570.0,13.8,192.4,61.3,47.0,5.5,17.12,22.3,9978,4832.79
PBT-0042,Huancayo,2024-A,3,3,CIP-SYN-002,3264.5,533.7,11.6,192.8,59.2,24.6,5.66,17.51,16.9,5466,5131.69
PBT-0115,Canete,2024-A,1,1,CIP-SYN-003,107.0,63.5,22.4,435.3,57.9,1.4,5.53,29.42,19.6,1544,8447.55
PBT-0234,Cajamarca,2025-A,3,3,CIP-SYN-006,2745.4,733.0,15.4,205.2,72.2,48.8,5.11,24.42,20.0,6650,7277.77
PBT-0040,Huancayo,2024-A,1,1,CIP-SYN-002,3234.6,481.8,11.5,153.1,80.0,12.3,5.8,25.14,16.6,1067,7690.31
PBT-0236,Cajamarca,2025-A,2,2,CIP-SYN-007,2769.9,779.8,15.2,200.5,,14.6,,30.87,22.8,8383,9570.35
PBT-0105,Cajamarca,2024-A,3,3,CIP-SYN-011,2751.9,709.0,14.9,196.6,51.2,18.1,5.28,24.82,20.3,1178,6495.16
PBT-0168,La Molina,2025-A,3,3,CIP-SYN-008,237.4,157.6,21.0,404.2,,15.1,6.5,32.5,20.5,9137,9276.0
PBT-0217,Cajamarca,2025-A,1,1,CIP-SYN-001,2729.9,723.2,14.7,177.7,58.9,11.7,5.65,23.87,17.7,8378,6324.25
PBT-0028,La Molina,2024-A,1,1,CIP-SYN-010,239.2,97.2,21.9,414.6,72.1,16.7,,31.1,17.1,8109,8043.48
PBT-0188,Huancayo,2025-A,2,2,CIP-SYN-003,3237.7,531.7,12.5,139.1,59.1,28.6,5.96,18.99,17.2,2018,5173.08
PBT-0108,Cajamarca,2024-a,3,3,CIP-SYN-012,2752.8,742.7,15.4,188.1,64.5,31.7,5.05,20.8,14.5,8012,6490.18
PBT-0096,Cajamarca,2024-A,3,3,CIP-SYN-008,2776.3,655.3,14.8,183.1,76.0,34.9,5.39,23.9,,8705,7291.78
PBT-0049,Huancayo,2024-A,1,1,CIP-SYN-005,3243.1,557.2,11.6,203.1,70.4,27.3,5.55,18.79,17.4,4291,5596.98
PBT-0089,Cajamarca,2024-A,2,2,CIP-SYN-006,2740.5,694.4,13.1,208.0,70.8,35.2,5.46,20.54,19.8,5750,5484.05
PBT-0169,La Molina,2025-A,1,1,CIP-SYN-009,249.5,116.2,20.2,413.2,76.3,10.1,5.83,34.88,17.2,7455,10875.07
PBT-0091,Cajamarca,2024-A,1,1,CIP-SYN-007,2744.1,715.5,15.2,198.9,81.0,10.1,4.93,38.99,21.6,5826,11525.49
PBT-0193,Huancayo,2025-A,1,1,CIP-SYN-005,3255.3,526.1,12.9,193.5,71.3,19.5,5.5,22.53,15.9,4106,5924.69
PBT-0288,Canete,2025-A,3,3,CIP-SYN-012,247 ft,96.6,24.0,456.3,60.0,16.4,5.77,29.88,18.2,9367,7779.65
PBT-0125,Cañete,2024-a,2,2,CIP-SYN-006,87.2,48.6,22.1,468.1,60.7,24.6,5.0,30.48,20.4,6724,9230.98
PBT-0226,Cajamarca,2025-A,1,1,CIP-SYN-004,2724.7,712.9,16.5,170.7,71.8,31.2,6.19,23.07,17.5,8706,6610.46
PBT-0035,La Molina,2024-A,2,2,CIP-SYN-012,229.0,102.2,19.9,373.3,64.7,9.7,6.25,26.76,17.0,9814,8303.11
PBT-0212,Huancayo,2025-A,2,2,CIP-SYN-011,3268.5,537.7,12.3,106.5,60.3,14.2,6.08,24.41,20.1,3103,6761.4
PBT-0070,Huancayo,2024-A,1,1,CIP-SYN-012,3219.8,514.0,12.2,140.4,63.8,39.2,5.77,18.04,19.0,4990,5154.73
PBT-0220,Cajamarca,2025-A,1,1,CIP-SYN-002,2766.2,759.1,15.4,222.5,70.0,13.8,5.75,26.48,18.6,5334,8313.14
PBT-0177,La Molina,2025-A,3,3,CIP-SYN-011,248.6,108.7,20.5,431.3,59.7,4.8,6.13,32.67,19.3,6945,9027.63
PBT-0119,Canete,2024-A,2,2,CIP-SYN-004,90.8,3.9,22.5,449.5,67.7,14.7,7.17,36.64,16.3,1312,9782.88
PBT-0128,Canete,2024-A,2,2,CIP-SYN-007,87.3,63.9,22.5,449.0,71.3,0,6.19,40.65,16.2,6804,10753.19
PBT-0053,Huancayo,2024-A,2,2,CIP-SYN-006,3241.4,540.4,11.3,146.2,53.0,19.3,14.7,17.86,21.7,2972,4662.31
PBT-0194,Huancayo,2025-A,2,2,CIP-SYN-005,3257.8,534.7,11.9,153.7,75.2,33.2,5.31,16.16,19.6,9047,5054.93
PBT-0219,Cajamarca,2025-A,3,3,CIP-SYN-001,2750.6,715.5,15.4,180.7,54.6,22.9,6.41,18.2,16.5,7762,4669.04
PBT-0160,La Molina,2025-A,1,1,CIP-SYN-006,237.9,118.5,21.5,403.4,69.8,24.1,5.79,32.13,19.7,1675,8957.89
PBT-0027,La Molina,2024-A,3,3,CIP-SYN-009,256.7,28.8,20.8,404.7,74.4,,4.76,29.3,,4590,7957.56
PBT-0235,Cajamarca,2025-A,1,1,CIP-SYN-007,2741.7,763.0,14.9,172.8,75.6,18.9,6.21,29.46,21.1,4735,8733.11
PBT-0038,Huancayo,2024-A,2,2,CIP-SYN-001,3245.9,548.2,11.6,163.8,66.3,2.3,6.02,19.3,17.7,8919,5930.68
PBT-0246,Cajamarca,2025-A,3,3,CIP-SYN-010,2749.0,712.0,16.0,194.9,79.2,44.2,5.55,28.02,16.0,9383,7750.85
PBT-0267,Canete,2025-A,3,3,CIP-SYN-005,83.1,71.9,23.4,407.1,56.3,11.2,6.74,30.5,18.8,3901,8804.87
PBT-0046,Huancayo,2024-A,1,1,CIP-SYN-004,3241.3,534.5,11.2,187.6,77.3,10.0,5.28,22.56,18.8,3467,6815.57
PBT-0080,Cajamarca,2024-A,2,2,CIP-SYN-003,2746.8,686.2,14.2,225.2,60.2,11.0,5.9,25.74,19.0,9063,7786.49
PBT-0024,La Molina,2024-A,3,3,CIP-SYN-008,236.1,103.4,21.2,375.7,74.2,15.3,5.9,32.22,18.8,2257,9434.96
PBT-0264,Canete,2025-A,3,3,CIP-SYN-004,89.4,32.6,22.2,463.2,66.9,3.3,5.68,36010 kg/ha,18.2,7381,10635.0
PBT-0197,Huancayo,2025-A,2,2,CIP-SYN-006,3239.2,565.1,12.0,157.2,75.2,26.8,5.47,27.73,20.8,7644,8365.56
PBT-0022,La Molina,2024-A,1,1,CIP-SYN-008,239.5,53.9,21.6,420.6,74.5,26.1,5.5,30.97,,4404,8339.81
PBT-0163,La Molina,2025-A,1,1,CIP-SYN-007,231.3,105.8,20.6,380.5,78.3,3.4,6.22,33.32,19.9,4664,8803.65
PBT-0114,Canete,2024-A,3,3,CIP-SYN-002,102.6,15.6,22.7,476.9,75.4,0,5.42,35.43,16.9,2505,11019.2
PBT-0142,Canete,2024-A,1,1,CIP-SYN-012,87.8,67.6,21.7,435.1,59.6,15.8,5.97,34.09,19.2,5166,8941.42
PBT-0196,Huancayo,2025-A,1,1,CIP-SYN-006,3265.1,537.2,12.1,150.6,66.7,35.5,5.75,21.9,19.8,2273,6011.1
PBT-0153,LA MOLINA ,2025-A,3,3,CIP-SYN-003,246.8,110.8,21.4,412.2,65.2,3.8,6.03,33.85,21.0,2116,9534.16
PBT-0178,La Molina,2025-A,1,1,CIP-SYN-012,227.0,95.7,21.8,401.2,63.7,3.3,5.35,31.18,19.5,9836,8934.17
PBT-0126,Canete,2024-A,3,3,CIP-SYN-006,70.8,32.3,22.0,474.3,65.5,26.1,5.84,31.42,21.2,9168,8644.83
PBT-0008,La Molina,2024-A,2,2,CIP-SYN-003,226.9,107.3,20.9,432.3,54.8,1.8,5.61,31.01,19.4,1174,8183.81
PBT-0172,La Molina,2025-A,1,1,CIP-SYN-010,244.3,79.5,22.0,399.1,72.3,19.3,5.86,29.09,17.1,6484,8748.26
PBT-0143,Canete,2024A,2,2,CIP-SYN-012,108.7,-4.5,22.4,477.6,74.3,24.3,5.39,32.01,16.6,6297,8315.0
PBT-0050,Huancayo,2024-A,2,2,CIP-SYN-005,3266.3,492.8,11.2,137.3,72.9,23.3,5.98,20.5,17.7,5989,6226.38
PBT-0076,Cajamarca,2024-A,1,1,CIP-SYN-002,2758.2,690.6,14.6,240.5,73.6,22.3,6.23,25.14,18.4,4992,6807.98
PBT-0189,Huancayo,2025-A,3,3,CIP-SYN-003,3250.8,565.0,12.3,151.2,61.3,,5.48,24.38,20.0,3450,7533.28
PBT-0279,Canete,2025-A,3,3,CIP-SYN-009,86.7,81.2,22.9,426.1,74.8,0,5.8,38.32,19.9,6623,10796.08
PBT-0004,La Molina,2024-A,1,1,CIP-SYN-002,226.0,61.7,20.2,432.7,71.3,6.6,,28.18,18.7,1351,7211.44
PBT-0045,Huancayo,2024-A,3,3,CIP-SYN-003,3239.4,490.3,11.5,173.0,61.0,9.6,5.65,20.86,18.3,1755,6174.89
PBT-0075,Cajamarca,2024-a,3,3,CIP-SYN-001,2728.2,683.9,14.5,219.9,61.0,12.2,6.09,23.87,17.6,1879,6933.36
PBT-0261,canete,2025-A,3,3,CIP-SYN-003,90.1,69.6,21.4,451.1,50.7,2.1,5.76,32.18,17.2,4017,9479.74
PBT-0165,La Molina,2025-A,3,3,CIP-SYN-007,252.1,131.2,20.5,382.5,70.9,5.2,6.05,36.03,20.2,1319,11214.83
PBT-0243,Cajamarca,2025-A,3,3,CIP-SYN-009,2752.2,777.8,15.4,196.4,69.2,25.8,6.44,27.36,17.0,3389,8406.0
PBT-0058,Huancayo,2024-A,1,1,CIP-SYN-008,3264.4,554.6,11.4,155.9,70.5,20.2,5.95,24.47,20.8,4535,6516.38
PBT-0213,Huancayo,2025-A,3,3,CIP-SYN-011,3247.2,524.1,11.7,162.1,,1.9,5.61,29.3,23.2,9681,7531.86
PBT-0244,Cajamarca,2025-A,1,1,CIP-SYN-010,2761.2,739.3,13.7,203.3,71.4,39.6,5.78,24.72,18.9,1315,6593.56
PBT-0250,Cajamarca,2025-A,1,1,CIP-SYN-012,2768.1,749.7,14.4,219.1,67.7,20.0,5.69,22.31,16.4,9873,7010.04
PBT-0256,Canete,2025-A,1,1,CIP-SYN-002,97.0,93.8,24.9,488.9,73.5,6.5,6.3,37.19,17.0,2189,9962.61
PBT-0224,Cajamarca,2025-A,2,2,CIP-SYN-003,2724.6,728.4,14.6,225.6,58.1,22.8,5.53,24.2,20.7,9617,7515.22
PBT-0098,Cajamarca,2024-A,2,2,CIP-SYN-009,2735.1,674.2,15.0,205.8,69.4,24.7,5.51,29.44,16.0,7920,8043.59
PBT-0259,Canete,2025-A,1,1,CIP-SYN-003,78.7,59.7,21.7,496.8,63.7,0,5.18,34.71,18.9,3997,10078.56
PBT-0154,La Molina,2025-A,1,1,CIP-SYN-004,247.4,150.8,20.8,394.3,84.5,17.3,5.4,35.51,18.5,3579,9468.98
PBT-0223,Cajamarca,2025-A,1,1,CIP-SYN-003,2764.3,750.2,15.5,211.5,68.8,22.4,6.84,28.63,17.2,9384,7713.4
PBT-0074,Cajamarca,2024-A,2,2,CIP-SYN-001,2725.1,690.0,14.3,187.9,65.3,30.8,5.95,21.08,,4977,6360.88
PBT-0083,Cajamarca,2024A,2,2,CIP-SYN-004,2774.9,702.2,16.3,200.5,72.7,17.9,5.53,27.93,20.3,6091,8633.41
PBT-0109,canete,2024-A,1,1,CIP-SYN-001,64.3,41.1,21.6,507.4,47.1,0,5.65,29.95,19.5,2321,9090.77
PBT-0237,Cajamarca,2025-A,3,3,CIP-SYN-007,2758.0,753.3,15.1,189.7,88.3,,5.56,33.47,21.8,5388,9601.42
PBT-0258,Canete,2025-A,3,3,CIP-SYN-002,81.5,84.3,23.6,461.8,72.9,0,6.38,39.56,19.8,4142,10834.26
PBT-0016,La Molina,2024-A,1,1,CIP-SYN-006,237.0,49.7,18.9,431.0,79.2,5.2,6.02,36.05,18.9,8283,9256.09
PBT-0279,Canete,2025-A,3,3,CIP-SYN-009,86.7,81.2,22.9,426.1,74.8,0,5.8,38.32,19.9,6623,10796.08
PBT-0045,Huancayo,2024-A,3,3,CIP-SYN-003,3239.4,490.3,11.5,173.0,61.0,9.6,5.65,20.86,18.3,1755,6174.89
PBT-0029,La Molina,2024-A,2,2,CIP-SYN-010,243.7,76.9,19.7,404.5,70.8,29.8,6.18,30.65,17.9,4423,8731.51
PBT-0018,La Molina,2024-A,3,3,CIP-SYN-006,254.9,52.9,20.8,430.2,81.5,21.4,6.34,32.81,20.0,4328,8422.09
PBT-0215,Huancayo,2025-A,2,2,CIP-SYN-012,3245.3,568.9,13.0,136.4,71.2,15.3,5.67,19.79,17.2,4806,6043.43
PBT-0238,Cajamarca,2025-A,1,1,CIP-SYN-008,2740.0,732.5,16.0,235.4,67.7,31.7,6.26,27.73,19.4,2494,7204.61
PBT-0259,Canete,2025-A,1,1,CIP-SYN-003,78.7,59.7,21.7,496.8,63.7,0,5.18,34.71,18.9,3997,10078.56
PBT-0020,La Molina,2024-A,2,2,CIP-SYN-007,233.8,72.1,21.2,383.6,78.1,0,6.0,37.24,21.4,8793,10960.92
PBT-0088,Cajamarca,2024A,1,1,CIP-SYN-006,2758.5,704.4,14.7,179.2,63.0,50.2,5.4,20.66,19.6,2513,6369.92
PBT-0273,Canete,2025-A,3,3,CIP-SYN-007,80.9,127.1,21.7,456.9,77.6,0,5.0,43.98,20.8,9220,11984.43
PBT-0199,Huancayo,2025-A,1,1,CIP-SYN-007,3250.5,539.0,11.8,172.8,74.7,8.9,6.47,25.81,20.0,7460,7134.9
PBT-0206,Huancayo,2025-A,2,2,CIP-SYN-009,3251.7,505.9,11.1,142.6,67.6,30.8,6.0,20.96,17.3,2726,6185.02
PBT-0211,Huancayo,2025-A,1,1,CIP-SYN-011,3259.9,535.2,12.5,142.7,50.2,16.9,6.64,18.69,22.0,8853,5531.95
PBT-0093,Cajamarca,2024-a,3,3,CIP-SYN-007,2727.0,699.5,13.9,228.5,80.1,9.1,6.33,29.24,20.3,2157,7675.6
PBT-0032,La Molina,2024-A,2,2,CIP-SYN-011,236.9,52.3,20.1,454.2,,0,6.03,31300 kg/ha,20.3,8753,8110.65
PBT-0127,Canete,2024-A,1,1,CIP-SYN-007,81.9,-3.5,22.1,439.0,77.6,0,6.26,41.82,19.9,9541,10885.19
PBT-0272,Canete,2025-A,2,2,CIP-SYN-007,87.1,102.5,22.6,457.3,71.6,3.4,6.35,36.11,19.6,6054,9658.47
PBT-0167,La Molina,2025-A,2,2,CIP-SYN-008,250.0,158.5,21.9,415.6,62.0,14.6,5.99,28.18,18.5,9723,7318.52
PBT-0225,Cajamarca,2025-A,3,3,CIP-SYN-003,2742.2,755.3,16.0,216.9,53.6,24.2,5.66,20.64,19.2,6451,5976.13
PBT-0262,Canete,2025-A,1,1,CIP-SYN-004,65.0,55.9,22.9,411.9,72.3,7.4,,33.49,16.6,3313,9832.09
PBT-0017,La Molina,2024-A,2,2,CIP-SYN-006,231.2,67.4,21.5,431.8,68.5,13.8,5.3,29.89,21.9,8919,8430.42
PBT-0097,Cajamarca,2024-A,1,1,CIP-SYN-009,2755.9,701.7,16.1,207.8,78.5,28.3,6.21,29.5,18.8,5412,7622.33
PBT-0286,Canete,2025-A,1,1,CIP-SYN-012,88.8,117.9,22.9,501.8,71.1,21.2,6.54,35.05,16.8,3455,9498.01
PBT-0228,Cajamarca,2025-A,3,3,CIP-SYN-004,2740.4,750.6,13.9,175.7,68.0,16.9,6.2,27.12,19.0,2675,8251.74
PBT-0116,Canete,2024-A,2,2,CIP-SYN-003,78.6,20.5,22.5,429.4,56.6,1.3,5.18,35.11,20.7,8790,11032.23
PBT-0268,Canete,2025-A,1,1,CIP-SYN-006,64.4,74.8,22.6,462.6,73.9,18.3,5.45,40.59,20.1,6128,11494.44
PBT-0068,Huancayo,2024-A,2,2,CIP-SYN-011,3230.0,561.6,11.7,148.2,65.2,13.1,5.69,26.03,21.6,4123,7400.6
PBT-0059,Huancayo,2024-A,2,2,CIP-SYN-008,3269.8,522.5,12.2,123.7,65.0,37.9,5.74,23.55,18.9,4513,6956.67
PBT-0090,Cajamarca,2024-A,3,3,CIP-SYN-006,2754.9,699.3,14.6,181.0,66.3,29.4,5.59,24.65,17.6,6405,7663.61
PBT-0183,Huancayo,2025-A,3,3,CIP-SYN-001,3237.1,614.4,12.4,159.5,63.5,5.8,6.56,19.53,20.4,7402,5789.01
PBT-0054,Huancayo,2024-A,3,3,CIP-SYN-006,3266.7,522.8,12.5,140.9,69.4,34.9,5.73,22.06,17.4,5228,5699.97
PBT-0103,Cajamarca,2024-A,1,1,CIP-SYN-011,2766.4,719.6,14.9,212.2,56.8,18.0,6.19,24.87,19.4,4263,7756.75
PBT-0007,La Molina,2024-A,1,1,CIP-SYN-003,237.0,110.6,21.0,419.9,67.5,2.7,6.27,28.7,14.8,7232,7820.66
PBT-0131,Canete,2024A,2,2,CIP-SYN-008,88.4,9.0,23.6,406.7,66.8,14.0,5.78,34.77,18.8,2977,10408.03
PBT-0072,Huancayo,2024-A,3,3,CIP-SYN-012,3253.9,496.5,12.5,149.5,62.8,,6.61,15.14,19.7,5792,3925.68
PBT-0180,La Molina,2025-A,3,3,CIP-SYN-012,243.8,86.6,23.1,416.4,61.6,23.2,5.48,29.01,15.2,2166,8023.48
PBT-0037,Huancayo,2024-A,1,1,CIP-SYN-001,3275.7,512.1,12.0,173.5,60.2,14.9,6.19,16.71,18.1,3414,4557.65
PBT-0222,Cajamarca,2025-A,3,3,CIP-SYN-002,2764.5,750.2,14.0,247.0,71.2,24.6,5.56,21.1,15.3,1708,5964.24
PBT-0009,LA MOLINA ,2024-A,3,3,CIP-SYN-003,233.1,54.8,20.6,389.6,57.6,2.2,6.81,29.86,19.5,1058,7717.79
PBT-0043,Huancayo,2024-A,1,1,CIP-SYN-003,3237.3,578.3,10.8,176.2,49.9,3.4,5.75,15.6,20.7,2423,4227.71
PBT-0249,Cajamarca,2025-A,3,3,CIP-SYN-011,2750.1,700.9,15.4,223.5,60.7,25.4,5.25,22.77,,2671,6977.69
PBT-0205,Huancayo,2025-A,1,1,CIP-SYN-009,3267.3,568.6,13.1,92.9,63.6,28.4,4.85,21.78,19.3,1947,6067.46
PBT-0021,La Molina,2024-A,3,3,CIP-SYN-007,264.5,78.4,20.6,417.9,65.4,0,6.07,33.59,19.9,7689,10559.48
PBT-0023,La Molina,2024-A,2,2,CIP-SYN-008,246.2,68.2,21.3,444.6,73.3,9.5,6.23,34.73,19.3,8377,10442.1
PBT-0110,Canete,2024-A,2,2,CIP-SYN-001,71.7,77.8,21.3,467.1,55.8,1.4,6.11,30.94,19.2,4377,9191.56
PBT-0271,Canete,2025-A,1,1,CIP-SYN-007,94.7,127.3,25.0,452.0,74.5,0,5.86,39.5,23.1,5257,10973.62
PBT-0239,Cajamarca,2025-A,2,2,CIP-SYN-008,2765.0,717.4,16.0,214.3,74.3,26.8,5.13,28.08,21.1,4626,8076.28
PBT-0150,La Molina,2025-A,3,3,CIP-SYN-002,224.8,106.5,21.2,422.7,70.2,0,5.1,33.34,20.1,5092,10093.02
PBT-0182,Huancayo,2025-A,2,2,CIP-SYN-001,3269.9,582.3,12.3,137.5,62.9,0,6.02,21.85,17.2,9256,5837.14
PBT-0265,Canete,2025-A,1,1,CIP-SYN-005,100.5,81.2,20.2,470.2,72.8,10.0,6.15,32.47,15.3,3686,8707.96
PBT-0242,Cajamarca,2025-A,2,2,CIP-SYN-009,2747.8,731.5,14.9,245.1,67.4,22.9,5.69,24.59,18.9,2334,7523.97
PBT-0209,Huancayo,2025-A,2,2,CIP-SYN-010,3260.2,574.7,13.1,151.6,70.9,31.7,5.85,22.38,20.1,1011,5793.37
PBT-0191,Huancayo,2025-A,2,2,CIP-SYN-004,3266.8,551.3,13.3,152.2,73.3,12.2,5.63,28.66,20.5,4354,8558.16
PBT-0031,La Molina,2024-A,1,1,CIP-SYN-011,243.8,109.6,19.5,369.9,58.4,5.5,5.57,31.48,19.8,6967,8071.32
PBT-0117,Canete,2024-A,3,3,CIP-SYN-003,65.4,20.0,22.6,448.2,54.7,2.5,4.78,34.1,20.3,3165,10693.73
PBT-0047,Huancayo,2024-A,2,2,CIP-SYN-004,3259.3,510.7,11.5,169.0,68.2,8.1,5.7,25.36,17.9,2090,7442.98
PBT-0263,Canete,2025-A,2,2,CIP-SYN-004,86.3,93.6,23.9,460.5,72.9,2.6,5.29,39.56,19.4,2746,11688.54
PBT-0260,Cañete,2025-A,2,2,CIP-SYN-003,88.3,65.8,23.0,420.0,59.6,0.5,5.21,33.75,17.9,7358,10488.51
PBT-0094,Cajamarca,2024-A,1,1,CIP-SYN-008,2749.8,697.3,15.2,222.9,73.6,40.4,,25.92,19.3,8282,7116.83
PBT-0099,Cajamarca,2024-A,3,3,CIP-SYN-009,2726.1,659.0,15.9,259.4,80.4,14.1,5.49,31.58,19.3,3492,9123.73
PBT-0208,Huancayo,2025-A,1,1,CIP-SYN-010,3262.9,561.5,12.8,141.8,70.7,28.9,5.86,19.12,18.1,8775,5457.56
PBT-0013,La Molina,2024-A,1,1,CIP-SYN-005,227.1,103.0,19.8,431.0,70.9,29.3,6.32,24.55,18.5,7177,6585.69
PBT-0192,Huancayo,2025-A,3,3,CIP-SYN-004,3232.3,510.3,12.7,162.7,73.1,7.1,5.91,24.28,20.1,2476,6993.15
PBT-0082,Cajamarca,2024-A,1,1,CIP-SYN-004,2768.3,672.0,14.6,236.5,75.1,31.3,6.11,26.11,17.2,7443,8053.39
PBT-0186,Huancayo,2025-A,3,3,CIP-SYN-002,3255.5,530.6,12.5,164.4,69.7,8.3,6.2,22.73,17.2,6951,6977.91
PBT-0147,La Molina,2025-A,3,3,CIP-SYN-001,229.8,163.7,21.2,421.8,63.2,0,5.47,27.5,19.2,1692,7149.97
PBT-0232,Cajamarca,2025-A,1,1,CIP-SYN-006,2748.3,751.4,15.4,207.6,64.5,45.3,6.27,25.41,20.9,4995,6732.32
PBT-0181,Huancayo,2025-A,1,1,CIP-SYN-001,3244.3,543.0,12.5,151.3,56.0,13.5,6.71,19.13,20.0,9271,5232.93
PBT-0151,La Molina,2025-A,1,1,CIP-SYN-003,231.8,105.9,20.6,436.6,54.3,3.9,5.68,30.36,18.6,6072,9555.56
PBT-0200,Huancayo,2025-A,2,2,CIP-SYN-007,3244.1,571.4,11.8,120.4,69.6,9.5,,25.79,19.8,1685,7766.87
PBT-0253,Canete,2025-A,1,1,CIP-SYN-001,77.9,85.0,24.3,464.4,60.3,3.8,5.8,34.17,18.2,3711,9488.14
PBT-0166,La Molina,2025-A,1,1,CIP-SYN-008,250.7,104.2,21.0,429.7,75.4,27.3,6.07,33.12,22.2,1050,8559.98
PBT-0135,Canete,2024-A,3,3,CIP-SYN-009,76.1,25.5,23.4,481.1,63.7,2.6,5.38,33.88,21.4,1215,9190.79
PBT-0282,Canete,2025-A,3,3,CIP-SYN-010,93.4,33.9,23.9,416.6,63.9,15.3,5.61,34.38,18.7,8148,9951.94
PBT-0201,Huancayo,2025-A,3,3,CIP-SYN-007,3264.0,500.6,12.6,135.9,72.4,16.0,5.76,29.28,19.6,1877,7850.34
PBT-0084,Cajamarca,2024-A,3,3,CIP-SYN-004,2742.6,713.4,14.4,253.4,70.2,20.4,5.52,27.88,21.1,3883,8623.05
PBT-0221,Cajamarca,2025-A,2,2,CIP-SYN-002,2745.9,774.6,15.3,211.6,65.6,15.5,5.13,23680 kg/ha,20.8,8761,6307.94
PBT-0034,la molina,2024-A,1,1,CIP-SYN-012,222.2,105.0,21.6,411.4,70.0,6.3,5.95,29.05,19.6,2875,8261.61
PBT-0033,La Molina,2024A,3,3,CIP-SYN-011,239.9,69.6,20.5,420.2,58.7,8.4,5.45,32.85,20.1,2949,10133.75
PBT-0006,La Molina,2024A,3,3,CIP-SYN-002,262.0,54.7,19.9,378.9,71.7,0,5.97,30560 kg/ha,18.4,3516,8891.93
PBT-0010,La Molina,2024-A,1,1,CIP-SYN-004,227.8,44.8,21.3,403.8,75.3,6.4,5.45,37.29,18.1,4576,10367.13
PBT-0102,Cajamarca,2024-A,3,3,CIP-SYN-010,2736.4,668.3,14.7,193.4,65.3,35.1,5.68,26.06,19.2,2818,7884.0
PBT-0275,Canete,2025-A,2,2,CIP-SYN-008,75.9,94.3,21.7,437.2,74.0,25.4,5.22,37.14,20.6,6668,9965.57
PBT-0230,Cajamarca,2025-A,2,2,CIP-SYN-005,2755.4,749.1,15.7,200.9,74.0,44.8,5.87,20.61,18.5,2164,6289.91
PBT-0161,La Molina,2025-A,2,2,CIP-SYN-006,245.2,124.2,20.0,372.0,48.9,13.0,5.75,27.46,18.4,8233,8429.47
PBT-0085,Cajamarca,2024-A,1,1,CIP-SYN-005,2724.3,674.7,13.5,241.2,82.6,34.5,6.1,27.43,17.3,4044,7469.09
PBT-0270,Canete,2025-A,3,3,CIP-SYN-006,57.8,45.5,23.3,418.4,62.5,18.6,6.3,36.3,21.0,6044,9368.47
PBT-0073,Cajamarca,2024-A,1,1,CIP-SYN-001,2747.4,709.8,14.6,231.9,52.5,9.2,5.78,24.43,18.2,9979,6399.73
PBT-0251,Cajamarca,2025-A,2,2,CIP-SYN-012,2738.5,738.6,15.0,251.1,70.4,29.6,4.96,22.1,17.5,1319,6735.97
PBT-0185,Huancayo,2025 A,2,2,CIP-SYN-002,10651 ft,530.6,13.4,167.1,72.0,15.9,4.75,21.01,18.5,3717,5691.45
PBT-0157,la molina,2025-A,1,1,CIP-SYN-005,231.7,144.8,21.0,427.8,71.5,13.8,5.75,27.28,13,1306,7402.64
PBT-0146,La Molina,2025-A,2,2,CIP-SYN-001,252.5,96.1,20.3,405.8,51.6,1.3,5.71,26.88,17.5,2415,7299.9
PBT-0223,Cajamarca,2025-A,1,1,CIP-SYN-003,2764.3,750.2,15.5,211.5,68.8,22.4,6.84,28.63,17.2,9384,7713.4
PBT-0036,La Molina,2024-A,3,3,CIP-SYN-012,242.4,55.9,20.2,447.8,68.1,14.1,5.39,25.28,19.0,8967,6790.38
PBT-0187,Huancayo,2025-A,1,1,CIP-SYN-003,3251.8,561.6,14.0,147.9,52.8,12.5,6.74,20.03,21.4,1394,6105.34
PBT-0207,Huancayo,2025-A,3,3,CIP-SYN-009,10719 ft,560.1,11.5,179.1,79.3,27.0,6.27,24.05,19.3,7673,6960.33
PBT-0204,Huancayo,2025-A,3,3,CIP-SYN-008,3234.8,592.8,11.6,153.9,71.4,23.0,5.71,25.08,20.6,6214,6869.95
PBT-0173,La Molina,2025-A,2,2,CIP-SYN-010,271.2,129.4,21.0,429.6,69.3,24.3,6.04,31.71,21.2,1705,9476.22
PBT-0284,Canete,2025-A,2,2,CIP-SYN-011,75.0,103.7,23.0,466.6,61.9,3.8,5.7,34.54,23.0,5271,9996.86
PBT-0269,Canete,2025-A,2,2,CIP-SYN-006,185 ft,46.2,23.2,456.5,66.5,10.1,5.66,37.02,18.0,5848,9482.35
PBT-0095,Cajamarca,2024-A,2,2,CIP-SYN-008,2737.9,744.7,12.7,210.2,,46.7,5.93,16.25,19.9,5949,5054.07
PBT-0152,La Molina,2025-A,2,2,CIP-SYN-003,255.7,140.4,20.9,376.0,61.3,1.7,6.06,32.08,19.2,5693,8848.07
PBT-0124,Canete,2024-A,1,1,CIP-SYN-006,86.5,44.7,21.6,449.7,68.2,21.0,6.13,30.8,21.0,6465,8762.36
PBT-0176,La Molina,2025-A,2,2,CIP-SYN-011,251.2,101.9,21.6,463.3,57.9,2.2,6.0,32810 kg/ha,20.8,1983,9221.53
PBT-0277,Canete,2025-A,1,1,CIP-SYN-009,76.2,25.0,21.5,416.0,75.1,6.6,6.18,37.03,20.9,5726,11293.56
PBT-0280,Canete,2025-A,1,1,CIP-SYN-010,85.5,96.6,23.0,445.7,81.8,9.4,,38.26,,1108,10292.49
PBT-0190,Huancayo,2025-A,1,1,CIP-SYN-004,3253.4,582.0,12.7,145.6,71.3,19.6,5.49,23.69,19.9,8169,7367.9
PBT-0118,Canete,2024A,1,1,CIP-SYN-004,91.3,59.7,23.2,469.4,73.9,0,6.13,40.14,19.4,9220,11307.35
PBT-0248,Cajamarca,2025-A,2,2,CIP-SYN-011,2723.9,744.1,14.8,144.4,63.0,27.0,5.33,26.1,21.5,6291,7302.41
PBT-0056,Huancayo,2024-A,2,2,CIP-SYN-007,3215.4,537.0,11.8,141.3,76.9,6.6,5.68,27.07,20.1,2728,6931.48
PBT-0148,La Molina,2025-A,1,1,CIP-SYN-002,239.8,132.5,22.2,415.9,71.1,1.5,5.78,27.36,19.1,4182,7820.08
PBT-0015,La Molina,2024-A,3,3,CIP-SYN-005,249.0,130.7,20.6,392.6,69.5,21.0,5.94,24.09,18.5,3808,7363.89
PBT-0149,La Molina,2025-A,2,2,CIP-SYN-002,234.7,104.1,21.0,366.3,75.4,0,5.58,30.98,15.9,4377,8165.6
PBT-0229,Cajamarca,2025-A,1,1,CIP-SYN-005,2754.5,727.5,16.5,227.7,73.2,22.5,5.27,24.51,17.6,5205,7436.99
PBT-0171,La Molina,2025-A,3,3,CIP-SYN-009,254.9,129.1,21.4,390.0,72.2,4.6,6.49,32.68,18.1,7207,8694.82
PBT-0231,Cajamarca,2025-A,3,3,CIP-SYN-005,2774.0,770.2,15.7,203.3,74.1,36.9,5.52,22.3,16.6,4378,6120.13
PBT-0005,La Molina,2024-A,2,2,CIP-SYN-002,224.1,82.3,20.4,358.5,78.5,8.5,5.33,33.23,18.7,2303,8990.33
PBT-0216,Huancayo,2025-A,3,3,CIP-SYN-012,3248.9,552.7,12.4,128.8,67.7,27.9,6.06,17.15,19.8,5552,4375.32
PBT-0101,Cajamarca,2024-A,2,2,CIP-SYN-010,2747.8,731.4,12.9,201.0,73.2,39.3,5.49,25.14,18.4,8338,7110.88
PBT-0132,Canete,2024-A,3,3,CIP-SYN-008,111.7,14.9,21.8,461.6,72.6,21.8,6.26,37.53,19.4,5889,11572.54
PBT-0210,Huancayo,2025-A,3,3,CIP-SYN-010,3247.2,478.1,12.4,159.7,77.3,,6.28,23.22,17.8,3085,6576.14
PBT-0067,Huancayo,2024-A,1,1,CIP-SYN-011,3245.3,472.1,11.3,131.0,62.3,11.9,6.52,18.8,18.6,5691,5184.47
PBT-0145,La Molina,2025-A,1,1,CIP-SYN-001,239.1,123.6,20.9,411.1,64.8,0,6.25,28.94,16.7,7646,7771.84
PBT-0121,Canete,2024-A,1,1,CIP-SYN-005,79.6,69.8,22.0,423.3,67.0,4.4,6.09,31.34,19.2,1331,9706.82
PBT-0252,Cajamarca,2025-A,3,3,CIP-SYN-012,2751.0,707.8,14.7,236.6,59.7,24.9,6.0,17.4,15.4,9059,4827.72
PBT-0052,Huancayo,2024-A,1,1,CIP-SYN-006,3258.1,477.1,11.0,135.7,54.5,24.6,5.17,17.91,17.1,4799,5252.09
PBT-0064,Huancayo,2024-A,1,1,CIP-SYN-010,3227.7,509.7,12.9,171.8,72.3,26.2,6.24,19.13,18.4,3086,5025.27
PBT-0240,Cajamarca,2025-A,3,3,CIP-SYN-008,2750.0,686.6,15.2,229.8,68.7,39.4,5.2,26.9,21.3,5689,7697.5
PBT-0048,Huancayo,2024-A,3,3,CIP-SYN-004,3226.5,507.1,11.9,139.8,68.5,26.3,5.43,20.36,20.3,4872,6352.25
PBT-0204,Huancayo,2025-A,3,3,CIP-SYN-008,3234.8,592.8,11.6,153.9,71.4,23.0,5.71,25.08,20.6,6214,6869.95
PBT-0202,Huancayo,2025-A,1,1,CIP-SYN-008,3234.6,504.4,12.9,117.8,83.3,36.5,5.74,25.16,17.5,6039,6976.61
PBT-0057,Huancayo,2024-A,3,3,CIP-SYN-007,3255.7,481.7,12.6,123.3,73.6,6.4,5.9,26.38,20.4,3629,6787.17
PBT-0079,Cajamarca,2024-A,1,1,CIP-SYN-003,2767.2,686.4,14.9,194.3,56.1,16.4,6.91,24.57,20.3,7529,6812.94
PBT-0144,Canete,2024-A,3,3,CIP-SYN-012,85.5,54.8,23.1,436.5,56.4,10.8,5.67,28.42,17.5,9308,7867.77
PBT-0159,La Molina,2025-A,3,3,CIP-SYN-005,232.0,115.7,22.6,422.9,76.3,7.0,5.5,30.65,19.2,1399,8249.89
PBT-0069,Huancayo,2024-A,3,3,CIP-SYN-011,3248.5,569.8,11.7,131.7,,16.3,,25.12,20.1,5478,6638.11
PBT-0129,Canete,2024-A,3,3,CIP-SYN-007,69.3,31.4,22.3,480.8,77.4,,5.88,37420 kg/ha,21.1,7538,10258.75
PBT-0122,Canete,2024-A,2,2,CIP-SYN-005,80.7,23.2,22.9,480.3,81.5,8.3,5.46,35.27,16.5,5615,9771.02
PBT-0087,Cajamarca,2024-A,3,3,CIP-SYN-005,2744.3,674.6,15.4,209.9,72.4,32.5,6.04,21.88,18.8,5729,6431.65
PBT-0283,Canete,2025-A,1,1,CIP-SYN-011,65.7,51.8,23.8,479.5,51.3,16.0,5.92,30.68,20.7,7868,7917.05
PBT-0002,La Molina,2024-A,2,2,CIP-SYN-001,248.8,117.0,20.5,394.6,55.8,0,6.79,26.69,,9378,8143.61
PBT-0112,Canete,2024-A,1,1,CIP-SYN-002,65.9,-24.1,22.6,460.9,57.0,0,5.72,31.79,17.9,3729,9674.74
PBT-0078,Cajamarca,2024-A,3,3,CIP-SYN-002,2726.6,727.8,16.0,144.9,66.9,6.8,6.53,26.83,17.8,3336,7965.03
PBT-0198,Huancayo,2025-A,3,3,CIP-SYN-006,3236.3,584.1,13.0,120.3,55.3,35.9,6.24,16.0,18.2,6403,4249.7
PBT-0001,La Molina,2024-A,1,1,CIP-SYN-001,226.8,40.0,21.3,394.6,56.0,7.3,6.81,27.25,18.3,8306,7650.31
PBT-0039,Huancayo,2024-A,3,3,CIP-SYN-001,3261.5,480.4,11.8,145.0,51.9,14.9,6.14,15.67,19.2,7244,4833.31
PBT-0255,Canete,2025-A,3,3,CIP-SYN-001,85.8,90.4,24.0,440.0,56.1,0,5.75,31.32,18.5,3783,8918.27
PBT-0092,Cajamarca,2024-A,2,2,CIP-SYN-007,2759.0,704.5,15.3,219.1,74.7,25.0,5.81,29.52,20.6,2914,7764.15
PBT-0247,Cajamarca,2025-A,1,1,CIP-SYN-011,2750.7,709.2,15.3,219.9,71.7,27.8,5.98,26.15,18.7,9262,6955.49
PBT-0025,La Molina,2024-A,1,1,CIP-SYN-009,227.3,67.1,20.0,409.0,69.7,0.9,,35.79,21.1,4609,9495.91
PBT-0113,Canete,2024-A,2,2,CIP-SYN-002,85.9,-16.4,23.0,446.9,69.5,6.6,6.03,32.87,18.7,2506,9684.92
PBT-0179,La Molina,2025-A,2,2,CIP-SYN-012,249.0,181.8,21.5,389.4,54.6,26.3,6.29,24.38,18.1,9202,7494.63
PBT-0281,Canete,2025-A,2,2,CIP-SYN-010,76.7,46.5,23.8,425.0,,14.8,5.55,36.45,15.8,3018,10927.23
PBT-0140,Cañete,2024-A,2,2,CIP-SYN-011,88.5,40.6,21.5,497.7,63.9,0,5.36,35.4,21.7,9717,9413.53
PBT-0051,Huancayo,2024-A,3,3,CIP-SYN-005,3268.1,505.9,12.9,192.1,77.5,,5.51,19.47,18.2,8230,6056.93
PBT-0086,Cajamarca,2024-A,2,2,CIP-SYN-005,2770.8,679.1,13.1,164.5,,41.6,6.33,23.48,18.8,8290,6097.17
PBT-0136,Canete,2024-A,1,1,CIP-SYN-010,86.1,-4.1,22.2,481.4,74.5,6.5,5.61,39.08,21.1,6785,10178.59
PBT-0106,Cajamarca,2024-A,1,1,CIP-SYN-012,2735.8,723.8,14.8,210.1,68.2,14.8,5.61,24.93,17.7,1489,7614.49
PBT-0245,Cajamarca,2025-A,2,2,CIP-SYN-010,2765.1,727.4,15.3,227.1,73.3,42.1,5.29,23.88,17.5,1701,7442.3
PBT-0055,Huancayo,2024-A,1,1,CIP-SYN-007,3261.8,495.1,13.1,205.1,73.8,16.4,5.7,26.24,21.3,1217,7025.64
PBT-0278,Canete,2025-A,2,2,CIP-SYN-009,293 ft,54.1,23.7,454.5,75.8,6.1,5.36,41.55,19.3,4048,11973.87
PBT-0011,La Molina,2024-A,2,2,CIP-SYN-004,257.0,73.4,19.8,422.4,78.7,0.6,5.46,33.08,18.1,2227,9109.83
PBT-0139,Canete,2024-A,1,1,CIP-SYN-011,83.8,25.4,21.9,458.1,64.7,,,36.11,25.7,1428,10164.23
PBT-0063,Huancayo,2024-A,3,3,CIP-SYN-009,3260.3,518.8,11.2,189.3,74.7,20.3,6.37,24.67,18.1,7829,7517.86
PBT-0137,Canete,2024-A,2,2,CIP-SYN-010,236 ft,38.1,20.6,451.9,81.6,15.8,5.82,36.04,20.8,1538,10623.29
PBT-0274,Canete,2025-A,1,1,CIP-SYN-008,92.2,60.7,23.5,449.6,,13.1,6.27,35.65,,9320,10407.53
PBT-0130,Canete,2024-A,1,1,CIP-SYN-008,80.5,12.7,21.9,459.3,76.1,13.9,6.29,36.67,20.0,3327,10596.52
PBT-0241,Cajamarca,2025-A,1,1,CIP-SYN-009,2757.3,770.2,16.5,176.5,73.5,24.8,6.29,25.85,21.9,2496,6960.96
PBT-0061,Huancayo,2024-A,1,1,CIP-SYN-009,3254.3,522.8,11.9,142.3,80.0,16.3,5.89,25.75,19.5,3721,7585.73
PBT-0218,Cajamarca,2025-A,2,2,CIP-SYN-001,2742.1,716.0,14.8,237.3,61.7,19.5,5.38,21.27,18.1,5400,6050.53
PBT-0003,La Molina,2024-A,3,3,CIP-SYN-001,254.5,97.1,21.3,421.9,65.6,0,5.79,32.83,19.4,7118,8457.35
PBT-0156,La Molina,2025-A,3,3,CIP-SYN-004,249.2,111.6,21.4,385.1,71.2,10.3,6.19,30.84,20.5,6876,8323.7
PBT-0044,Huancayo,2024-A,2,2,CIP-SYN-003,3211.7,491.1,12.4,129.9,61.0,31.6,5.84,19820 kg/ha,19.7,1941,5375.02
PBT-0118,Canete,2024A,1,1,CIP-SYN-004,91.3,59.7,23.2,469.4,73.9,0,6.13,40.14,19.4,9220,11307.35
PBT-0120,Cañete,2024-A,3,3,CIP-SYN-004,71.6,-8.8,21.3,436.2,67.7,0.8,5.8,35.74,17.4,7262,10063.89
PBT-0071,Huancayo,2024-A,2,2,CIP-SYN-012,3237.2,478.4,11.6,190.7,62.7,23.3,5.2,18.18,17.8,9642,5365.08
PBT-0012,La Molina,2024-A,3,3,CIP-SYN-004,209.1,88.6,20.2,424.3,67.9,1.8,5.68,33.98,17.7,3385,10424.07
PBT-0077,Cajamarca,2024-A,2,2,CIP-SYN-002,2753.1,669.8,15.7,204.9,73.6,17.1,6.4,27.89,20.9,7684,7874.06
PBT-0107,Cajamarca,2024-A,2,2,CIP-SYN-012,2759.2,739.6,15.1,190.6,68.3,27.1,5.34,21.04,19.3,3762,5577.98
PBT-0287,Canete,2025-A,2,2,CIP-SYN-012,59.7,106.7,21.5,433.4,58.7,18.3,5.55,29.78,18.8,7905,9018.17
PBT-0081,Cajamarca,2024-A,3,3,CIP-SYN-003,2768.4,692.4,15.2,217.7,56.9,19.2,5.23,22.94,21.3,9843,5895.52
PBT-0111,Canete,2024-A,3,3,CIP-SYN-001,77.3,-26.5,23.6,470.3,49.8,0,5.49,29.79,,8098,8342.15
PBT-0141,Canete,2024-A,3,3,CIP-SYN-011,89.6,1.2,24.2,504.1,72.0,0.1,5.41,35.02,20.8,1783,9274.32
PBT-0026,La Molina,2024-A,2,2,CIP-SYN-009,227.6,49.1,21.0,423.6,72.8,16.3,5.3,30.53,20.0,9605,9422.04
PBT-0266,Canete,2025-A,2,2,CIP-SYN-005,70.6,82.4,22.7,452.5,71.9,15.3,5.71,31.66,17.5,3797,9774.05
PBT-0195,Huancayo,2025-A,3,3,CIP-SYN-005,3233.9,520.2,12.7,141.8,,,5.44,16.3,18.2,5218,4270.57
PBT-0164,La Molina,2025-A,2,2,CIP-SYN-007,254.9,122.9,20.6,434.0,76.7,0,5.71,40.82,22.8,1458,11824.48
PBT-0158,La Molina,2025-A,2,2,CIP-SYN-005,235.1,153.8,20.7,392.0,76.9,12.8,6.16,33.13,15.6,6916,9438.88
PBT-0268,Canete,2025-A,1,1,CIP-SYN-006,64.4,74.8,22.6,462.6,73.9,18.3,5.45,40.59,20.1,6128,11494.44
PBT-0062,Huancayo,2024-A,2,2,CIP-SYN-009,3243.1,448.2,12.7,189.2,67.3,10.3,5.83,25.66,18.2,8894,8047.26
