record_id,site,season,block,plot,crop,management_system,rainfall_mm,soil_moisture_pct,mulch_coverage_pct,irrigation_events,nitrogen_kg_ha,yield_t_ha,water_use_efficiency_kg_m3,weather_station_serial_digit,gross_revenue_usd_ha
CSA-0001,Andes-high,2024-25,1,1,sweetpotato,improved,625.2,16.1,41.7,3.4,66.0,24.62,35.44,5758,7247.66
CSA-0002,Andes-high,2024-25,1,2,potato,improved,669.4,28.1,75.6,1.8,86.9,38.04,58.1,7586,12108.81
CSA-0003,Andes-high,2024-25,1,3,sweetpotato,improved,579.6,21.8,70.9,4.8,100.9,31.37,43.01,9279,9981.72
CSA-0004,Andes-high,2024-25,1,4,potato,improved,576.4,28.6,69.2,3.2,94.4,37.55,54.35,7538,10376.8
CSA-0005,Andes-high,2024-25,1,5,sweetpotato,improved,630.9,23.6,66.0,2.4,107.2,30.26,45.14,3910,8090.06
CSA-0006,Andes-high,2024-25,1,6,potato,improved,636.1,22.5,55.1,5.6,108.3,29.56,39.46,2683,7543.27
CSA-0007,Andes-high,2024-25,1,7,sweetpotato,improved,654.3,16.7,36.6,4.3,102.6,27.1,37.83,4753,7168.22
CSA-0008,Andes-high,2024-25,1,8,potato,improved,588.7,26.5,93.2,4.3,51.3,32.97,45.9,3921,9903.32
CSA-0009,Andes-high,2024-25,1,9,sweetpotato,improved,627.3,23.4,59.9,3.5,109.6,31.17,44.76,9493,7819.13
CSA-0010,Andes-high,2024-25,1,10,potato,improved,584.7,20.2,15.2,4.3,87.7,32.65,45.44,3690,10058.69
CSA-0011,Andes-high,2024-25,2,1,sweetpotato,farmer-practice,587.0,24.9,49.7,2.4,129.9,32.57,48.69,5954,9538.66
CSA-0012,Andes-high,2024-25,2,2,potato,farmer-practice,607.6,25.5,100,3.5,123.0,34.04,48.81,8256,10459.9
CSA-0013,Andes-high,2024-25,2,3,sweetpotato,farmer-practice,599.5,22.1,29.5,5.0,88.5,30.51,41.48,8743,8545.7
CSA-0014,Andes-high,2024-25,2,4,potato,farmer-practice,608.3,15.9,91.6,2.2,109.9,31.93,47.96,6817,9824.42
CSA-0015,Andes-high,2024-25,2,5,sweetpotato,farmer-practice,677.5,26.3,62.5,4.4,104.3,35.85,49.71,9643,9172.82
CSA-0016,Andes-high,2024-25,2,6,potato,farmer-practice,607.6,24.4,82.7,3.3,80.4,35.91,51.91,2402,10905.15
CSA-0017,Andes-high,2024-25,2,7,sweetpotato,farmer-practice,578.9,28.4,99.4,5.5,79.9,39.52,52.82,5628,11835.89
CSA-0018,Andes-high,2024-25,2,8,potato,farmer-practice,636.9,32.0,51.2,6.5,36.6,34.42,44.49,1601,9157.33
CSA-0019,Andes-high,2024-25,2,9,sweetpotato,farmer-practice,647.0,24.9,62.5,6.1,101.9,32.06,42.09,3356,10458.91
CSA-0020,Andes-high,2024-25,2,10,potato,farmer-practice,633.3,24.6,75.9,2.5,67.6,34.21,50.84,1090,10081.42
CSA-0021,Andes-high,2024-25,3,1,sweetpotato,improved,635.7,31.7,65.0,5.3,67.6,39.21,52.77,5088,10447.35
CSA-0022,Andes-high,2024-25,3,2,potato,improved,633.8,28.5,50.3,5.0,76.4,36.77,50.1,2674,11810.98
CSA-0023,Andes-high,2024-25,3,3,sweetpotato,improved,653.8,24.3,70.2,5.6,47.8,34.57,46.12,9386,9063.61
CSA-0024,Andes-high,2024-25,3,4,potato,improved,615.5,26.2,40.7,4.6,91.2,30.37,41.96,1991,7706.7
CSA-0025,Andes-high,2024-25,3,5,sweetpotato,improved,602.3,25.7,50.8,5.8,54.7,32.45,42.96,9952,8682.7
CSA-0026,Andes-high,2024-25,3,6,potato,improved,595.8,14.8,76.5,5.0,106.8,26.17,35.62,4006,7466.8
CSA-0027,Andes-high,2024-25,3,7,sweetpotato,improved,580.2,16.3,34.2,4.0,75.0,24.7,34.76,2993,7552.78
CSA-0028,Andes-high,2024-25,3,8,potato,improved,578.0,28.9,63.6,5.7,87.0,36.28,48.24,8338,10358.54
CSA-0029,Andes-high,2024-25,3,9,sweetpotato,improved,607.1,26.3,55.1,4.8,64.4,30.61,42.0,9568,8778.69
CSA-0030,Andes-high,2024-25,3,10,potato,improved,674.7,19.3,56.9,5.9,122.7,29.18,38.55,5771,8430.22
CSA-0031,Andes-high,2024-25,4,1,sweetpotato,farmer-practice,613.9,13.7,38.4,5.9,78.1,19.03,25.1,7917,5373.77
CSA-0032,Andes-high,2024-25,4,2,potato,farmer-practice,619.6,26.7,48.3,3.9,95.0,32.4,45.81,1603,9684.71
CSA-0033,Andes-high,2024-25,4,3,sweetpotato,farmer-practice,643.8,17.2,60.3,1.8,90.7,29.65,45.35,2355,9591.76
CSA-0034,Andes-high,2024-25,4,4,potato,farmer-practice,577.4,26.3,58.9,6.6,119.2,33.13,42.7,5409,10600.68
CSA-0035,Andes-high,2024-25,4,5,sweetpotato,farmer-practice,660.6,23.3,29.9,4.9,123.0,27.64,37.74,5381,8790.72
CSA-0036,Andes-high,2024-25,4,6,potato,farmer-practice,541.4,25.3,71.6,2.6,102.8,37.47,55.59,1627,10706.15
CSA-0037,Andes-high,2024-25,4,7,sweetpotato,farmer-practice,659.1,20.1,18.1,2.2,101.1,24.48,36.87,2428,6166.1
CSA-0038,Andes-high,2024-25,4,8,potato,farmer-practice,575.7,23.9,50.2,2.1,55.1,30.45,45.9,1420,9988.42
CSA-0039,Andes-high,2024-25,4,9,sweetpotato,farmer-practice,548.4,13.1,78.5,7.3,124.6,23.14,29.2,4541,6602.87
CSA-0040,Andes-high,2024-25,4,10,potato,farmer-practice,615.5,33.3,35.1,3.7,116.9,35.7,50.9,2887,9498.37
CSA-0041,Coast-dry,2024-25,1,1,sweetpotato,improved,-2.3,14.6,61.0,11.1,150.9,39.26,80,4580,11338.86
CSA-0042,Coast-dry,2024-25,1,2,potato,improved,60.8,23.1,76.8,7.7,105.7,36.72,80,3829,11690.75
CSA-0043,Coast-dry,2024-25,1,3,sweetpotato,improved,66.2,19.1,18.6,13.5,134.6,33.24,80,7140,9394.59
CSA-0044,Coast-dry,2024-25,1,4,potato,improved,57.5,26.2,71.6,14.0,105.5,38.42,80,5845,10861.37
CSA-0045,Coast-dry,2024-25,1,5,sweetpotato,improved,62.7,23.4,65.2,9.7,63.2,38.65,80,2720,10738.17
CSA-0046,Coast-dry,2024-25,1,6,potato,improved,142.5,17.3,70.8,13.7,68.2,38.38,80,2389,11227.97
CSA-0047,Coast-dry,2024-25,1,7,sweetpotato,improved,17.3,22.6,63.2,12.0,94.4,40.93,80,3614,11213.47
CSA-0048,Coast-dry,2024-25,1,8,potato,improved,53.2,16.1,64.4,12.5,67.5,32.75,80,8728,8578.15
CSA-0049,Coast-dry,2024-25,1,9,sweetpotato,improved,30.6,28.7,15.5,11.6,90.0,37.21,80,9820,9785.81
CSA-0050,Coast-dry,2024-25,1,10,potato,improved,84.3,27.5,54.6,10.2,76.7,34.43,80,8399,10615.58
CSA-0051,Coast-dry,2024-25,2,1,sweetpotato,farmer-practice,69.9,19.0,0,10.3,89.3,33.36,80,8474,8697.47
CSA-0052,Coast-dry,2024-25,2,2,potato,farmer-practice,84.3,19.4,80.2,13.4,56.7,32.62,80,4184,8555.88
CSA-0053,Coast-dry,2024-25,2,3,sweetpotato,farmer-practice,28.6,15.9,43.3,11.3,121.5,29.68,80,3296,8018.84
CSA-0054,Coast-dry,2024-25,2,4,potato,farmer-practice,93.9,24.3,46.3,12.6,46.1,38.42,80,2143,12412.16
CSA-0055,Coast-dry,2024-25,2,5,sweetpotato,farmer-practice,77.5,18.4,51.2,11.8,66.9,35.43,80,4144,11401.54
CSA-0056,Coast-dry,2024-25,2,6,potato,farmer-practice,76.0,21.2,11.4,11.5,84.6,32.51,80,8750,9058.47
CSA-0057,Coast-dry,2024-25,2,7,sweetpotato,farmer-practice,85.4,19.5,50.6,12.1,88.3,33.32,80,6786,8384.2
CSA-0058,Coast-dry,2024-25,2,8,potato,farmer-practice,110.9,20.1,12.9,12.3,52.3,35.55,80,5566,10781.16
CSA-0059,Coast-dry,2024-25,2,9,sweetpotato,farmer-practice,14.3,22.5,56.5,10.1,69.6,36.46,80,4147,10612.45
CSA-0060,Coast-dry,2024-25,2,10,potato,farmer-practice,26.9,27.1,25.9,10.2,112.9,37.32,80,6531,10068.04
CSA-0061,Coast-dry,2024-25,3,1,sweetpotato,improved,28.2,20.8,78.3,9.3,100.9,34.26,80,7775,10545.34
CSA-0062,Coast-dry,2024-25,3,2,potato,improved,86.8,27.3,64.4,10.0,83.7,42.21,80,4556,11967.0
CSA-0063,Coast-dry,2024-25,3,3,sweetpotato,improved,138.8,24.6,0,10.1,88.8,30.18,80,3413,8544.05
CSA-0064,Coast-dry,2024-25,3,4,potato,improved,61.1,23.7,8.4,9.9,108.3,32.08,80,8181,9310.79
CSA-0065,Coast-dry,2024-25,3,5,sweetpotato,improved,48.7,17.9,47.6,10.7,124.5,33.61,80,2183,10974.6
CSA-0066,Coast-dry,2024-25,3,6,potato,improved,55.1,33.0,11.3,9.7,63.9,37.94,80,9982,11648.71
CSA-0067,Coast-dry,2024-25,3,7,sweetpotato,improved,55.3,24.9,7.8,9.0,86.7,32.14,80,8466,8654.39
CSA-0068,Coast-dry,2024-25,3,8,potato,improved,63.3,23.2,26.7,12.1,97.7,35.5,80,3122,9881.97
CSA-0069,Coast-dry,2024-25,3,9,sweetpotato,improved,19.9,28.0,62.7,11.8,102.2,40.6,80,9062,10375.09
CSA-0070,Coast-dry,2024-25,3,10,potato,improved,99.3,31.2,37.3,10.1,124.4,40.19,80,5428,10959.99
CSA-0071,Coast-dry,2024-25,4,1,sweetpotato,farmer-practice,57.4,25.7,44.8,12.5,80.0,39.11,80,6305,10053.13
CSA-0072,Coast-dry,2024-25,4,2,potato,farmer-practice,124.0,16.2,36.6,13.2,83.8,33.64,80,2444,9606.31
CSA-0073,Coast-dry,2024-25,4,3,sweetpotato,farmer-practice,58.3,22.9,78.4,10.0,80.3,39.21,80,4081,12160.65
CSA-0074,Coast-dry,2024-25,4,4,potato,farmer-practice,52.0,21.3,48.0,13.3,122.0,35.71,80,5286,9056.04
CSA-0075,Coast-dry,2024-25,4,5,sweetpotato,farmer-practice,50.3,22.9,60.6,9.8,135.4,36.0,80,8409,11551.99
CSA-0076,Coast-dry,2024-25,4,6,potato,farmer-practice,46.7,16.0,25.0,11.2,75.8,28.42,80,6430,9223.08
CSA-0077,Coast-dry,2024-25,4,7,sweetpotato,farmer-practice,25.0,25.4,79.1,10.8,109.1,39.7,80,8011,12440.78
CSA-0078,Coast-dry,2024-25,4,8,potato,farmer-practice,18.6,19.3,68.0,10.8,83.1,32.32,80,1296,9963.75
CSA-0079,Coast-dry,2024-25,4,9,sweetpotato,farmer-practice,36.6,18.9,59.4,11.7,126.0,34.8,80,4532,11076.67
CSA-0080,Coast-dry,2024-25,4,10,potato,farmer-practice,45.5,25.2,0,10.1,73.3,31.44,80,3932,8044.29
CSA-0081,Lake-region,2024-25,1,1,sweetpotato,improved,437.0,18.2,26.0,6.2,129.0,28.44,48.56,8367,7945.36
CSA-0082,Lake-region,2024-25,1,2,potato,improved,455.2,29.2,65.5,5.3,97.7,39.54,70.25,3652,11363.46
CSA-0083,Lake-region,2024-25,1,3,sweetpotato,improved,407.2,18.1,52.6,5.6,111.9,28.35,49.73,7465,7122.14
CSA-0084,Lake-region,2024-25,1,4,potato,improved,470.2,19.0,27.8,6.9,117.8,26.91,44.6,3952,7629.77
CSA-0085,Lake-region,2024-25,1,5,sweetpotato,improved,463.6,26.6,69.4,7.1,107.7,39.44,64.82,1427,12773.71
CSA-0086,Lake-region,2024-25,1,6,potato,improved,403.6,21.1,65.1,6.4,94.1,32.77,55.64,2893,10238.31
CSA-0087,Lake-region,2024-25,1,7,sweetpotato,improved,502.9,20.8,73.1,5.4,104.1,31.57,55.76,2798,7897.84
CSA-0088,Lake-region,2024-25,1,8,potato,improved,427.3,24.7,51.0,8.4,65.9,37.69,58.92,1013,10410.09
CSA-0089,Lake-region,2024-25,1,9,sweetpotato,improved,492.1,24.5,85.6,7.0,110.4,39.32,64.99,6211,12694.12
CSA-0090,Lake-region,2024-25,1,10,potato,improved,426.6,23.2,52.8,7.6,113.7,33.65,54.27,3708,9669.62
CSA-0091,Lake-region,2024-25,2,1,sweetpotato,farmer-practice,446.6,22.3,63.5,6.8,110.6,37.21,62.1,2182,10615.68
CSA-0092,Lake-region,2024-25,2,2,potato,farmer-practice,389.0,19.8,11.3,5.3,97.8,27.13,48.15,2207,8287.72
CSA-0093,Lake-region,2024-25,2,3,sweetpotato,farmer-practice,421.1,27.3,65.8,6.2,76.7,32.14,54.85,8140,10202.26
CSA-0094,Lake-region,2024-25,2,4,potato,farmer-practice,463.9,31.4,19.6,4.0,59.5,34.69,65.42,1729,9372.92
CSA-0095,Lake-region,2024-25,2,5,sweetpotato,farmer-practice,508.8,20.1,51.0,6.7,75.7,33.01,55.15,1103,9635.04
CSA-0096,Lake-region,2024-25,2,6,potato,farmer-practice,435.4,23.0,20.3,7.5,138.3,27.95,45.24,2314,8184.76
CSA-0097,Lake-region,2024-25,2,7,sweetpotato,farmer-practice,458.3,27.6,51.4,6.5,89.3,34.74,58.55,9281,9390.61
CSA-0098,Lake-region,2024-25,2,8,potato,farmer-practice,444.9,19.0,41.5,7.9,86.6,29.28,46.65,4082,8772.3
CSA-0099,Lake-region,2024-25,2,9,sweetpotato,farmer-practice,409.7,26.4,41.1,6.8,90.2,37.83,63.11,8994,9784.92
CSA-0100,Lake-region,2024-25,2,10,potato,farmer-practice,411.7,11.2,31.9,5.6,113.5,24.06,42.16,9621,6461.01
CSA-0101,Lake-region,2024-25,3,1,sweetpotato,improved,415.1,17.3,44.3,7.6,119.7,26.78,43.19,6180,8709.72
CSA-0102,Lake-region,2024-25,3,2,potato,improved,411.5,18.6,41.3,6.5,124.3,29.97,50.52,4860,9163.52
CSA-0103,Lake-region,2024-25,3,3,sweetpotato,improved,478.1,28.3,53.1,4.2,73.5,39.07,72.91,4796,10452.0
CSA-0104,Lake-region,2024-25,3,4,potato,improved,480.8,30.8,62.9,7.2,89.8,42.09,68.96,2845,12180.35
CSA-0105,Lake-region,2024-25,3,5,sweetpotato,improved,421.5,18.4,72.0,9.3,129.0,32.14,48.6,5569,9321.51
CSA-0106,Lake-region,2024-25,3,6,potato,improved,412.0,25.6,66.4,8.1,74.1,36.87,58.25,2158,9929.61
CSA-0107,Lake-region,2024-25,3,7,sweetpotato,improved,436.9,25.5,64.1,7.6,58.8,31.8,51.19,4464,9718.57
CSA-0108,Lake-region,2024-25,3,8,potato,improved,429.0,18.3,18.9,7.6,93.9,28.78,46.46,5268,9029.06
CSA-0109,Lake-region,2024-25,3,9,sweetpotato,improved,406.3,18.9,38.0,6.2,104.3,31.34,53.54,1267,7929.12
CSA-0110,Lake-region,2024-25,3,10,potato,improved,374.2,19.5,46.9,8.0,83.2,30.41,48.32,4203,8665.91
CSA-0111,Lake-region,2024-25,4,1,sweetpotato,farmer-practice,445.9,25.0,62.9,9.4,114.9,33.63,50.55,9408,8606.76
CSA-0112,Lake-region,2024-25,4,2,potato,farmer-practice,410.5,18.4,13.4,7.8,87.3,22.9,36.65,5772,7278.73
CSA-0113,Lake-region,2024-25,4,3,sweetpotato,farmer-practice,510.7,25.0,55.3,7.0,85.2,31.16,51.5,4243,9524.43
CSA-0114,Lake-region,2024-25,4,4,potato,farmer-practice,417.5,15.6,56.3,6.1,102.2,27.8,47.66,7178,8166.5
CSA-0115,Lake-region,2024-25,4,5,sweetpotato,farmer-practice,414.0,28.0,37.3,6.2,99.5,37.72,64.42,8742,10303.26
CSA-0116,Lake-region,2024-25,4,6,potato,farmer-practice,402.2,23.6,41.6,7.1,118.2,28.68,47.19,8423,8153.33
CSA-0117,Lake-region,2024-25,4,7,sweetpotato,farmer-practice,380.9,26.2,27.1,7.8,111.5,32.14,51.32,9734,9167.24
CSA-0118,Lake-region,2024-25,4,8,potato,farmer-practice,479.7,16.8,52.3,8.2,72.9,24.87,39.13,8140,7783.88
CSA-0119,Lake-region,2024-25,4,9,sweetpotato,farmer-practice,395.7,18.7,30.3,5.1,104.1,29.91,53.55,8019,8094.28
CSA-0120,Lake-region,2024-25,4,10,potato,farmer-practice,344.1,19.4,58.7,7.5,93.2,36.01,58.38,4674,9424.59
CSA-0121,Rift-highland,2024-25,1,1,sweetpotato,improved,315.8,13.7,56.5,8.9,65.9,27.48,51.72,5308,7175.02
CSA-0122,Rift-highland,2024-25,1,2,potato,improved,249.9,15.1,9.1,11.4,98.4,26.27,44.21,5177,7377.16
CSA-0123,Rift-highland,2024-25,1,3,sweetpotato,improved,256.5,20.9,51.6,8.2,95.1,34.02,66.2,9785,10588.38
CSA-0124,Rift-highland,2024-25,1,4,potato,improved,252.9,13.8,97.2,7.2,44.2,34.33,69.98,5660,10275.76
CSA-0125,Rift-highland,2024-25,1,5,sweetpotato,improved,307.7,21.8,0,7.4,112.6,28.57,57.74,6947,8774.4
CSA-0126,Rift-highland,2024-25,1,6,potato,improved,236.7,19.3,60.1,8.9,121.2,34.47,64.86,1145,10985.06
CSA-0127,Rift-highland,2024-25,1,7,sweetpotato,improved,313.0,26.3,38.0,10.4,115.6,42.74,75.12,8705,13255.25
CSA-0128,Rift-highland,2024-25,1,8,potato,improved,293.3,21.7,53.8,9.4,113.4,30.66,56.36,4571,8418.94
CSA-0129,Rift-highland,2024-25,1,9,sweetpotato,improved,280.6,20.5,89.8,9.7,89.0,37.2,67.29,3335,10700.2
CSA-0130,Rift-highland,2024-25,1,10,potato,improved,291.4,13.3,40.5,8.3,97.9,29.71,57.41,2362,8548.43
CSA-0131,Rift-highland,2024-25,2,1,sweetpotato,farmer-practice,287.2,24.3,40.6,7.9,56.3,35.91,70.91,1266,9411.93
CSA-0132,Rift-highland,2024-25,2,2,potato,farmer-practice,265.0,22.4,45.5,7.1,64.0,36.03,73.93,2168,10338.11
CSA-0133,Rift-highland,2024-25,2,3,sweetpotato,farmer-practice,350.8,19.8,77.6,8.7,162.4,33.72,64.04,2761,10479.59
CSA-0134,Rift-highland,2024-25,2,4,potato,farmer-practice,314.0,19.4,81.8,7.5,80.0,34.3,68.81,2363,9113.78
CSA-0135,Rift-highland,2024-25,2,5,sweetpotato,farmer-practice,408.4,20.1,51.6,7.0,108.1,30.75,63.41,6868,10065.92
CSA-0136,Rift-highland,2024-25,2,6,potato,farmer-practice,264.6,18.9,36.0,9.7,113.8,29.76,53.9,7785,8476.63
CSA-0137,Rift-highland,2024-25,2,7,sweetpotato,farmer-practice,362.5,24.7,38.1,6.8,130.4,35.88,74.67,6109,9978.65
CSA-0138,Rift-highland,2024-25,2,8,potato,farmer-practice,392.9,27.9,77.4,8.1,92.3,43.69,80,5778,13838.07
CSA-0139,Rift-highland,2024-25,2,9,sweetpotato,farmer-practice,247.3,13.6,64.1,9.6,111.5,30.56,55.65,8106,9312.95
CSA-0140,Rift-highland,2024-25,2,10,potato,farmer-practice,363.7,20.7,100,9.9,75.4,42.2,75.77,3750,12622.64
CSA-0141,Rift-highland,2024-25,3,1,sweetpotato,improved,313.7,17.1,55.3,8.6,60.7,28.77,54.82,7594,8148.37
CSA-0142,Rift-highland,2024-25,3,2,potato,improved,314.3,22.0,35.0,8.7,107.3,33.68,63.83,2402,10490.82
CSA-0143,Rift-highland,2024-25,3,3,sweetpotato,improved,350.6,20.7,8.9,6.7,103.8,27.55,57.83,4024,6956.81
CSA-0144,Rift-highland,2024-25,3,4,potato,improved,310.7,15.3,32.7,8.9,56.8,28.67,53.8,7279,7345.91
CSA-0145,Rift-highland,2024-25,3,5,sweetpotato,improved,365.6,29.2,15.3,11.3,79.2,30.72,51.88,8409,8765.51
CSA-0146,Rift-highland,2024-25,3,6,potato,improved,319.7,27.7,21.5,9.5,113.2,35.57,65.12,2576,9902.09
CSA-0147,Rift-highland,2024-25,3,7,sweetpotato,improved,305.8,14.6,56.6,10.3,92.8,36.76,64.88,2581,10497.72
CSA-0148,Rift-highland,2024-25,3,8,potato,improved,307.1,30.1,53.5,8.1,88.5,38.98,76.13,2893,12819.58
CSA-0149,Rift-highland,2024-25,3,9,sweetpotato,improved,327.8,26.3,63.4,6.6,109.0,38.74,80,2905,11308.79
CSA-0150,Rift-highland,2024-25,3,10,potato,improved,355.3,31.1,91.7,8.7,139.2,44.57,80,8167,12974.99
CSA-0151,Rift-highland,2024-25,4,1,sweetpotato,farmer-practice,338.5,15.4,78.9,6.5,116.0,29.4,62.29,4481,8474.38
CSA-0152,Rift-highland,2024-25,4,2,potato,farmer-practice,264.8,23.3,20.9,10.1,74.5,27.86,49.6,2093,7186.54
CSA-0153,Rift-highland,2024-25,4,3,sweetpotato,farmer-practice,356.1,24.6,46.9,9.0,123.5,36.39,68.0,8239,11150.76
CSA-0154,Rift-highland,2024-25,4,4,potato,farmer-practice,326.5,15.9,80.1,7.2,99.2,35.13,71.55,5956,11545.36
CSA-0155,Rift-highland,2024-25,4,5,sweetpotato,farmer-practice,329.7,22.6,43.2,8.8,93.4,35.12,66.24,3018,10493.92
CSA-0156,Rift-highland,2024-25,4,6,potato,farmer-practice,311.6,18.7,23.1,6.6,103.9,27.91,58.77,1424,7300.07
CSA-0157,Rift-highland,2024-25,4,7,sweetpotato,farmer-practice,304.3,30.2,77.8,9.4,89.8,43.53,79.77,4400,13504.97
CSA-0158,Rift-highland,2024-25,4,8,potato,farmer-practice,278.7,15.8,19.2,10.0,125.8,23.33,41.58,5187,6534.53
CSA-0159,Rift-highland,2024-25,4,9,sweetpotato,farmer-practice,325.0,24.0,23.6,8.3,97.0,30.84,59.62,2680,8661.94
CSA-0160,Rift-highland,2024-25,4,10,potato,farmer-practice,355.9,24.9,61.4,8.8,74.7,32.93,62.25,2900,9962.77
CSA-0161,Andes-high,2025-26,1,1,sweetpotato,improved,599.1,16.7,85.5,5.1,78.6,30.3,41.11,5600,9277.23
CSA-0162,Andes-high,2025-26,1,2,potato,improved,635.6,13.8,56.5,3.9,82.8,27.41,38.7,7554,7557.2
CSA-0163,Andes-high,2025-26,1,3,sweetpotato,improved,641.2,26.8,33.9,3.5,83.4,32.48,46.5,4104,9798.77
CSA-0164,Andes-high,2025-26,1,4,potato,improved,517.0,18.1,60.2,6.0,118.8,25.49,33.54,8663,7158.22
CSA-0165,Andes-high,2025-26,1,5,sweetpotato,improved,600.7,20.7,45.0,2.7,81.1,29.84,44.07,4248,9479.69
CSA-0166,Andes-high,2025-26,1,6,potato,improved,587.6,25.2,0,4.8,112.5,29.03,39.7,5176,7798.28
CSA-0167,Andes-high,2025-26,1,7,sweetpotato,improved,596.5,27.4,22.4,6.4,71.2,30.63,39.74,9639,8945.94
CSA-0168,Andes-high,2025-26,1,8,potato,improved,578.8,15.1,31.2,3.2,137.2,22.58,32.68,2824,6053.37
CSA-0169,Andes-high,2025-26,1,9,sweetpotato,improved,653.5,18.7,58.1,6.5,42.6,27.66,35.83,8160,8417.4
CSA-0170,Andes-high,2025-26,1,10,potato,improved,608.5,17.8,59.7,5.3,77.4,32.94,44.32,7376,9434.75
CSA-0171,Andes-high,2025-26,2,1,sweetpotato,farmer-practice,604.5,17.0,57.3,2.9,44.8,28.63,41.98,2535,8187.36
CSA-0172,Andes-high,2025-26,2,2,potato,farmer-practice,621.2,32.2,44.3,3.7,130.4,35.12,49.91,9436,10030.74
CSA-0173,Andes-high,2025-26,2,3,sweetpotato,farmer-practice,590.0,26.8,0,5.5,89.7,23.37,31.27,9231,6512.31
CSA-0174,Andes-high,2025-26,2,4,potato,farmer-practice,630.7,25.1,82.2,4.3,77.1,39.34,54.84,4165,12731.66
CSA-0175,Andes-high,2025-26,2,5,sweetpotato,farmer-practice,706.6,25.4,36.9,4.1,96.7,31.1,43.72,4750,10222.26
CSA-0176,Andes-high,2025-26,2,6,potato,farmer-practice,724.6,22.8,64.6,6.1,96.3,32.5,42.65,3443,9971.04
CSA-0177,Andes-high,2025-26,2,7,sweetpotato,farmer-practice,675.0,24.4,83.5,2.5,87.7,37.55,55.75,9752,9585.46
CSA-0178,Andes-high,2025-26,2,8,potato,farmer-practice,636.7,18.3,27.4,4.4,57.4,29.07,40.41,1019,7610.78
CSA-0179,Andes-high,2025-26,2,9,sweetpotato,farmer-practice,621.4,23.7,46.6,2.4,96.7,30.41,45.44,7111,7863.58
CSA-0180,Andes-high,2025-26,2,10,potato,farmer-practice,607.0,32.2,41.8,4.6,108.6,32.61,45.03,2875,9490.68
CSA-0181,Andes-high,2025-26,3,1,sweetpotato,improved,679.2,25.0,82.4,3.0,118.6,35.09,51.22,6409,10835.52
CSA-0182,Andes-high,2025-26,3,2,potato,improved,660.5,20.3,42.9,3.5,80.6,28.15,40.42,7746,8403.63
CSA-0183,Andes-high,2025-26,3,3,sweetpotato,improved,638.5,20.6,14.6,4.2,141.0,30.9,43.24,4586,9791.14
CSA-0184,Andes-high,2025-26,3,4,potato,improved,613.6,19.8,17.5,5.1,99.3,26.06,35.35,2116,7032.57
CSA-0185,Andes-high,2025-26,3,5,sweetpotato,improved,625.7,20.5,64.6,2.9,106.5,32.53,47.75,8516,9800.33
CSA-0186,Andes-high,2025-26,3,6,potato,improved,608.2,26.1,17.5,6.7,109.8,31.17,40.1,9192,8663.6
CSA-0187,Andes-high,2025-26,3,7,sweetpotato,improved,592.6,20.9,26.5,4.6,126.9,26.87,37.11,9215,8394.45
CSA-0188,Andes-high,2025-26,3,8,potato,improved,631.1,16.9,48.9,3.5,116.9,24.72,35.47,6100,8023.2
CSA-0189,Andes-high,2025-26,3,9,sweetpotato,improved,639.4,16.7,34.3,5.9,78.2,24.71,32.6,5345,8052.02
CSA-0190,Andes-high,2025-26,3,10,potato,improved,620.4,17.9,47.8,6.6,90.5,25.24,32.6,2575,7184.19
CSA-0191,Andes-high,2025-26,4,1,sweetpotato,farmer-practice,586.0,27.7,68.3,4.0,54.5,40.55,57.18,4757,11421.34
CSA-0192,Andes-high,2025-26,4,2,potato,farmer-practice,648.8,23.2,24.7,3.5,140.4,31.82,45.68,3650,9179.32
CSA-0193,Andes-high,2025-26,4,3,sweetpotato,farmer-practice,592.8,24.7,27.9,3.9,84.9,29.91,42.21,4429,9559.62
CSA-0194,Andes-high,2025-26,4,4,potato,farmer-practice,622.5,22.5,46.9,3.1,103.5,34.0,49.46,7094,11088.35
CSA-0195,Andes-high,2025-26,4,5,sweetpotato,farmer-practice,632.7,21.7,78.3,4.3,129.9,32.12,44.8,9738,9741.37
CSA-0196,Andes-high,2025-26,4,6,potato,farmer-practice,552.8,25.7,56.9,6.3,104.9,35.14,45.81,5195,11166.23
CSA-0197,Andes-high,2025-26,4,7,sweetpotato,farmer-practice,617.0,24.6,3.5,3.4,42.4,24.2,34.8,6626,7709.28
CSA-0198,Andes-high,2025-26,4,8,potato,farmer-practice,638.8,25.4,68.1,2.0,72.8,33.03,49.95,5871,8446.7
CSA-0199,Andes-high,2025-26,4,9,sweetpotato,farmer-practice,648.0,23.3,82.1,6.0,131.5,34.75,45.73,9404,11217.97
CSA-0200,Andes-high,2025-26,4,10,potato,farmer-practice,601.2,11.8,38.6,4.9,64.8,23.67,32.35,1974,6890.85
CSA-0201,Coast-dry,2025-26,1,1,sweetpotato,improved,41.0,19.5,23.0,10.0,112.2,33.73,80,3521,10739.8
CSA-0202,Coast-dry,2025-26,1,2,potato,improved,97.2,19.5,72.4,7.7,118.8,44.42,80,1199,11614.93
CSA-0203,Coast-dry,2025-26,1,3,sweetpotato,improved,91.1,23.0,47.2,9.8,128.9,35.22,80,8447,10440.03
CSA-0204,Coast-dry,2025-26,1,4,potato,improved,44.8,23.8,76.3,11.3,103.1,38.22,80,5540,11524.21
CSA-0205,Coast-dry,2025-26,1,5,sweetpotato,improved,98.4,22.3,43.1,10.3,94.9,36.58,80,4253,10649.72
CSA-0206,Coast-dry,2025-26,1,6,potato,improved,83.4,16.7,58.8,9.7,112.1,34.55,80,2799,10980.49
CSA-0207,Coast-dry,2025-26,1,7,sweetpotato,improved,96.9,18.8,78.8,9.8,111.6,36.87,80,2034,9423.58
CSA-0208,Coast-dry,2025-26,1,8,potato,improved,146.4,15.3,63.3,11.1,126.4,36.72,80,9626,9821.22
CSA-0209,Coast-dry,2025-26,1,9,sweetpotato,improved,91.6,12.7,71.1,11.1,109.1,34.56,80,4542,9281.55
CSA-0210,Coast-dry,2025-26,1,10,potato,improved,45.6,24.5,37.4,11.7,83.8,37.45,80,8034,10729.51
CSA-0211,Coast-dry,2025-26,2,1,sweetpotato,farmer-practice,56.5,20.0,37.9,12.2,78.8,32.2,80,2547,8416.21
CSA-0212,Coast-dry,2025-26,2,2,potato,farmer-practice,127.0,22.3,46.8,12.3,82.0,37.09,80,8283,11643.94
CSA-0213,Coast-dry,2025-26,2,3,sweetpotato,farmer-practice,59.9,15.7,36.4,7.4,94.1,32.14,80,2471,9879.91
CSA-0214,Coast-dry,2025-26,2,4,potato,farmer-practice,22.4,19.4,54.4,11.0,111.4,36.83,80,4526,10835.3
CSA-0215,Coast-dry,2025-26,2,5,sweetpotato,farmer-practice,46.5,21.8,49.2,11.4,160.4,36.24,80,2769,9880.17
CSA-0216,Coast-dry,2025-26,2,6,potato,farmer-practice,80.8,28.4,52.8,10.6,83.1,43.25,80,4220,13026.41
CSA-0217,Coast-dry,2025-26,2,7,sweetpotato,farmer-practice,41.2,19.5,58.7,11.3,66.0,40.15,80,1073,11076.55
CSA-0218,Coast-dry,2025-26,2,8,potato,farmer-practice,100.8,24.6,16.1,12.2,52.8,35.66,80,9511,10322.24
CSA-0219,Coast-dry,2025-26,2,9,sweetpotato,farmer-practice,77.4,20.6,29.3,14.9,111.8,34.34,80,8533,9878.29
CSA-0220,Coast-dry,2025-26,2,10,potato,farmer-practice,117.5,15.8,75.8,12.3,94.7,34.9,80,6770,10107.57
CSA-0221,Coast-dry,2025-26,3,1,sweetpotato,improved,48.7,28.2,66.5,10.6,144.9,42.43,80,9954,12255.65
CSA-0222,Coast-dry,2025-26,3,2,potato,improved,81.5,33.3,51.3,10.8,88.6,45.38,80,9672,14435.64
CSA-0223,Coast-dry,2025-26,3,3,sweetpotato,improved,49.9,24.4,14.2,9.8,68.0,37.68,80,7769,11387.29
CSA-0224,Coast-dry,2025-26,3,4,potato,improved,22.4,22.9,80.3,11.9,88.9,44.41,80,5446,14499.01
CSA-0225,Coast-dry,2025-26,3,5,sweetpotato,improved,101.6,32.3,47.8,11.5,58.8,46.69,80,1326,14527.49
CSA-0226,Coast-dry,2025-26,3,6,potato,improved,45.4,21.3,93.8,9.3,129.8,42.03,80,1253,10951.72
CSA-0227,Coast-dry,2025-26,3,7,sweetpotato,improved,80.4,23.6,43.5,11.9,121.7,38.94,80,5463,10659.64
CSA-0228,Coast-dry,2025-26,3,8,potato,improved,165.9,25.7,77.8,9.6,78.6,44.82,80,5011,12864.68
CSA-0229,Coast-dry,2025-26,3,9,sweetpotato,improved,102.6,10.8,57.2,9.2,109.7,30.14,80,5101,8507.7
CSA-0230,Coast-dry,2025-26,3,10,potato,improved,87.2,14.5,51.4,12.4,133.0,33.78,80,6847,10210.22
CSA-0231,Coast-dry,2025-26,4,1,sweetpotato,farmer-practice,60.7,21.5,47.9,10.5,73.6,36.0,80,8995,9182.64
CSA-0232,Coast-dry,2025-26,4,2,potato,farmer-practice,84.1,27.7,47.8,10.2,88.5,38.77,80,8971,10274.0
CSA-0233,Coast-dry,2025-26,4,3,sweetpotato,farmer-practice,78.3,28.0,38.5,9.7,99.9,40.8,80,4641,10486.87
CSA-0234,Coast-dry,2025-26,4,4,potato,farmer-practice,129.0,22.4,70.9,11.6,63.9,35.91,80,5226,11035.13
CSA-0235,Coast-dry,2025-26,4,5,sweetpotato,farmer-practice,127.7,25.5,26.7,9.9,108.3,31.46,80,4006,9677.05
CSA-0236,Coast-dry,2025-26,4,6,potato,farmer-practice,77.8,25.3,14.2,11.9,91.0,30.1,80,2496,8304.77
CSA-0237,Coast-dry,2025-26,4,7,sweetpotato,farmer-practice,53.3,28.1,52.2,11.0,82.3,39.25,80,3579,12499.52
CSA-0238,Coast-dry,2025-26,4,8,potato,farmer-practice,78.1,17.4,29.6,10.3,84.7,32.02,80,6434,8699.46
CSA-0239,Coast-dry,2025-26,4,9,sweetpotato,farmer-practice,-24.9,20.2,46.1,9.8,36.1,31.93,80,2934,8840.42
CSA-0240,Coast-dry,2025-26,4,10,potato,farmer-practice,67.8,21.8,57.7,7.3,51.8,36.79,80,2642,10920.18
CSA-0241,Lake-region,2025-26,1,1,sweetpotato,improved,549.1,15.6,8.6,8.3,88.3,24.83,38.91,3791,8010.77
CSA-0242,Lake-region,2025-26,1,2,potato,improved,466.7,22.4,53.3,4.9,92.6,31.37,56.85,9343,9072.12
CSA-0243,Lake-region,2025-26,1,3,sweetpotato,improved,442.7,30.8,28.5,6.2,101.3,39.91,68.21,1193,10764.77
CSA-0244,Lake-region,2025-26,1,4,potato,improved,494.3,18.8,7.0,7.8,81.6,28.11,44.92,3388,7960.03
CSA-0245,Lake-region,2025-26,1,5,sweetpotato,improved,442.9,28.3,76.2,5.3,103.3,35.88,63.66,7273,11827.3
CSA-0246,Lake-region,2025-26,1,6,potato,improved,434.9,24.6,54.8,6.7,54.8,37.2,62.23,4203,11770.48
CSA-0247,Lake-region,2025-26,1,7,sweetpotato,improved,446.2,19.4,0,7.9,81.4,28.88,46.1,1509,9167.01
CSA-0248,Lake-region,2025-26,1,8,potato,improved,427.5,24.6,11.4,7.8,102.4,30.35,48.47,7361,8908.64
CSA-0249,Lake-region,2025-26,1,9,sweetpotato,improved,429.9,16.1,44.9,5.9,68.1,28.09,48.56,2940,9171.44
CSA-0250,Lake-region,2025-26,1,10,potato,improved,486.2,18.8,77.6,6.2,115.2,37.12,63.46,6307,11465.98
CSA-0251,Lake-region,2025-26,2,1,sweetpotato,farmer-practice,465.0,27.5,67.4,8.5,100.2,37.7,58.69,4581,11205.72
CSA-0252,Lake-region,2025-26,2,2,potato,farmer-practice,512.0,24.9,63.0,7.1,43.4,38.91,64.08,4868,12111.91
CSA-0253,Lake-region,2025-26,2,3,sweetpotato,farmer-practice,413.2,23.4,30.7,11.3,65.2,36.18,50.83,2265,9966.73
CSA-0254,Lake-region,2025-26,2,4,potato,farmer-practice,420.1,18.1,26.4,6.1,118.3,31.55,54.19,3994,10307.81
CSA-0255,Lake-region,2025-26,2,5,sweetpotato,farmer-practice,491.8,20.3,41.9,8.3,71.6,33.33,52.24,7008,9719.09
CSA-0256,Lake-region,2025-26,2,6,potato,farmer-practice,431.7,26.8,60.4,5.9,82.8,37.63,65.09,4043,9885.77
CSA-0257,Lake-region,2025-26,2,7,sweetpotato,farmer-practice,464.5,24.9,55.7,6.0,67.6,35.96,61.93,6803,11311.45
CSA-0258,Lake-region,2025-26,2,8,potato,farmer-practice,439.3,18.5,11.4,6.3,78.5,32.34,55.15,4623,10092.18
CSA-0259,Lake-region,2025-26,2,9,sweetpotato,farmer-practice,480.1,29.7,34.7,4.7,130.6,35.54,65.01,6364,8951.88
CSA-0260,Lake-region,2025-26,2,10,potato,farmer-practice,441.3,26.0,89.3,6.4,115.9,40.81,69.25,4100,11260.48
CSA-0261,Lake-region,2025-26,3,1,sweetpotato,improved,433.2,28.3,79.5,5.3,77.8,41.3,73.38,5796,11590.41
CSA-0262,Lake-region,2025-26,3,2,potato,improved,416.7,23.2,3.8,6.8,110.9,29.44,49.08,4316,9423.05
CSA-0263,Lake-region,2025-26,3,3,sweetpotato,improved,471.5,18.6,60.4,6.5,144.0,34.1,57.61,7291,10136.16
CSA-0264,Lake-region,2025-26,3,4,potato,improved,475.8,12.5,22.3,6.7,79.7,18.56,31.05,8792,4699.77
CSA-0265,Lake-region,2025-26,3,5,sweetpotato,improved,495.6,21.8,19.4,6.1,95.4,28.82,49.38,1220,9172.03
CSA-0266,Lake-region,2025-26,3,6,potato,improved,461.7,19.8,43.8,9.6,80.1,32.06,47.82,5713,8291.07
CSA-0267,Lake-region,2025-26,3,7,sweetpotato,improved,470.7,20.3,99.5,8.0,78.6,33.51,53.11,5830,8534.99
CSA-0268,Lake-region,2025-26,3,8,potato,improved,426.9,25.5,64.2,4.9,54.4,37.6,68.03,8401,9467.9
CSA-0269,Lake-region,2025-26,3,9,sweetpotato,improved,461.6,20.4,53.4,7.0,95.3,29.92,49.36,1443,9414.51
CSA-0270,Lake-region,2025-26,3,10,potato,improved,446.7,25.3,46.8,6.6,54.6,33.94,56.99,1025,10259.67
CSA-0271,Lake-region,2025-26,4,1,sweetpotato,farmer-practice,443.9,26.2,28.8,5.9,107.9,33.24,57.52,5778,8937.09
CSA-0272,Lake-region,2025-26,4,2,potato,farmer-practice,458.8,19.9,62.1,6.6,107.2,33.24,55.94,8441,8472.19
CSA-0273,Lake-region,2025-26,4,3,sweetpotato,farmer-practice,407.5,26.8,65.5,6.0,43.6,41.1,70.75,4330,12621.89
CSA-0274,Lake-region,2025-26,4,4,potato,farmer-practice,436.9,21.6,82.6,9.8,138.7,37.93,56.21,8470,9958.56
CSA-0275,Lake-region,2025-26,4,5,sweetpotato,farmer-practice,480.0,21.4,11.9,8.4,59.9,28.52,44.6,5600,7764.75
CSA-0276,Lake-region,2025-26,4,6,potato,farmer-practice,509.5,22.4,32.8,9.2,120.8,33.02,50.04,5626,8892.06
CSA-0277,Lake-region,2025-26,4,7,sweetpotato,farmer-practice,507.9,13.9,20.5,7.8,99.2,26.79,42.91,5882,7561.49
CSA-0278,Lake-region,2025-26,4,8,potato,farmer-practice,430.6,28.8,20.2,7.4,127.3,33.81,55.06,9742,8891.27
CSA-0279,Lake-region,2025-26,4,9,sweetpotato,farmer-practice,492.9,27.6,61.0,7.6,89.7,44.19,71.41,3009,14449.15
CSA-0280,Lake-region,2025-26,4,10,potato,farmer-practice,486.1,21.4,27.2,8.8,157.2,33.55,51.64,2936,9171.43
CSA-0281,Rift-highland,2025-26,1,1,sweetpotato,improved,433.3,16.6,61.3,9.2,123.9,38.88,72.15,4104,12292.06
CSA-0282,Rift-highland,2025-26,1,2,potato,improved,368.0,20.1,1.8,7.0,102.5,26.02,53.74,6356,8009.43
CSA-0283,Rift-highland,2025-26,1,3,sweetpotato,improved,301.7,8.9,42.7,8.5,83.4,29.96,57.34,2034,9375.78
CSA-0284,Rift-highland,2025-26,1,4,potato,improved,360.6,24.5,63.8,8.6,70.5,37.75,71.95,7151,10192.37
CSA-0285,Rift-highland,2025-26,1,5,sweetpotato,improved,353.5,18.6,67.3,10.3,135.7,34.44,60.76,3270,10700.46
CSA-0286,Rift-highland,2025-26,1,6,potato,improved,267.1,11.9,46.6,9.9,89.4,29.79,53.53,8589,9521.75
CSA-0287,Rift-highland,2025-26,1,7,sweetpotato,improved,275.6,33.6,62.5,10.1,112.0,44.55,79.12,8569,11459.43
CSA-0288,Rift-highland,2025-26,1,8,potato,improved,336.7,15.4,51.1,8.5,105.0,29.29,56.07,9015,8564.25
CSA-0289,Rift-highland,2025-26,1,9,sweetpotato,improved,334.2,22.8,62.5,9.0,93.9,38.8,72.42,1068,10087.03
CSA-0290,Rift-highland,2025-26,1,10,potato,improved,317.3,31.7,84.8,9.9,70.3,42.6,76.44,7636,13993.72
CSA-0291,Rift-highland,2025-26,2,1,sweetpotato,farmer-practice,342.5,21.9,23.5,6.4,57.5,30.11,64.12,2955,7597.45
CSA-0292,Rift-highland,2025-26,2,2,potato,farmer-practice,313.5,21.0,40.6,9.1,87.9,36.06,67.01,1730,10440.49
CSA-0293,Rift-highland,2025-26,2,3,sweetpotato,farmer-practice,298.4,21.2,42.7,9.8,128.6,29.8,53.69,8766,8079.65
CSA-0294,Rift-highland,2025-26,2,4,potato,farmer-practice,292.2,24.1,43.7,7.5,109.3,36.18,72.74,8025,11671.61
CSA-0295,Rift-highland,2025-26,2,5,sweetpotato,farmer-practice,316.4,22.4,76.5,10.5,117.6,38.53,67.41,1886,11514.71
CSA-0296,Rift-highland,2025-26,2,6,potato,farmer-practice,316.3,27.4,56.3,11.4,105.2,39.39,66.16,5540,12959.95
CSA-0297,Rift-highland,2025-26,2,7,sweetpotato,farmer-practice,312.5,29.1,42.4,6.5,82.0,33.3,70.3,3349,9829.53
CSA-0298,Rift-highland,2025-26,2,8,potato,farmer-practice,281.0,23.2,54.6,7.9,132.9,35.64,70.27,8917,9293.75
CSA-0299,Rift-highland,2025-26,2,9,sweetpotato,farmer-practice,357.9,16.6,22.9,8.5,98.0,25.99,49.63,8266,7615.12
CSA-0300,Rift-highland,2025-26,2,10,potato,farmer-practice,282.5,13.7,79.3,6.0,128.0,34.92,75.8,6724,9290.11
CSA-0301,Rift-highland,2025-26,3,1,sweetpotato,improved,349.8,30.7,64.6,8.2,95.3,42.8,80,5785,11990.43
CSA-0302,Rift-highland,2025-26,3,2,potato,improved,258.4,15.6,100,8.8,71.7,33.29,62.96,2071,10372.76
CSA-0303,Rift-highland,2025-26,3,3,sweetpotato,improved,357.7,24.9,68.1,8.9,72.1,37.1,69.81,4479,11861.72
CSA-0304,Rift-highland,2025-26,3,4,potato,improved,339.6,30.1,67.4,10.1,46.9,44.98,79.84,5342,13851.65
CSA-0305,Rift-highland,2025-26,3,5,sweetpotato,improved,353.2,29.3,60.1,8.6,82.0,42.93,80,6663,12435.41
CSA-0306,Rift-highland,2025-26,3,6,potato,improved,355.4,17.8,83.9,11.1,45.4,35.8,60.84,3546,11022.99
CSA-0307,Rift-highland,2025-26,3,7,sweetpotato,improved,332.0,14.9,47.3,8.4,140.2,26.45,50.86,3961,8502.02
CSA-0308,Rift-highland,2025-26,3,8,potato,improved,321.5,28.3,89.5,9.9,70.7,42.06,75.46,5219,11585.58
CSA-0309,Rift-highland,2025-26,3,9,sweetpotato,improved,355.2,20.9,56.9,9.4,129.6,37.47,68.73,8531,11098.06
CSA-0310,Rift-highland,2025-26,3,10,potato,improved,316.9,9.2,50.2,9.1,94.2,26.1,48.61,7745,7778.1
CSA-0311,Rift-highland,2025-26,4,1,sweetpotato,farmer-practice,400.9,19.6,50.7,11.3,102.5,35.04,59.13,7698,9733.09
CSA-0312,Rift-highland,2025-26,4,2,potato,farmer-practice,351.2,19.2,43.4,8.2,28.1,33.12,64.43,9243,10887.48
CSA-0313,Rift-highland,2025-26,4,3,sweetpotato,farmer-practice,306.4,20.0,36.9,9.2,75.9,31.68,58.76,1420,9269.57
CSA-0314,Rift-highland,2025-26,4,4,potato,farmer-practice,336.5,29.9,71.0,8.9,80.3,44.04,80,4416,12641.97
CSA-0315,Rift-highland,2025-26,4,5,sweetpotato,farmer-practice,379.5,19.5,46.5,8.5,78.5,37.29,71.51,7374,10835.51
CSA-0316,Rift-highland,2025-26,4,6,potato,farmer-practice,309.4,19.1,54.8,11.6,66.7,34.35,57.3,6797,10015.03
CSA-0317,Rift-highland,2025-26,4,7,sweetpotato,farmer-practice,321.6,24.6,94.9,7.2,109.6,43.35,80,7387,13277.53
CSA-0318,Rift-highland,2025-26,4,8,potato,farmer-practice,333.0,23.9,60.2,10.4,78.5,38.69,67.79,8811,11993.64
CSA-0319,Rift-highland,2025-26,4,9,sweetpotato,farmer-practice,343.9,15.1,72.7,8.6,109.9,32.93,62.86,1548,9920.14
CSA-0320,Rift-highland,2025-26,4,10,potato,farmer-practice,258.7,27.5,45.9,10.2,92.1,42.98,76.19,9451,14063.97
