record_id,country,district_code,survey_round,cluster,enumerator_team,respondent_gender,respondent_age_years,education_band,extension_contacts_year,market_access_score,smartphone_owned,annual_farm_income_usd,technology_adopted,questionnaire_version_digit,post_adoption_sales_usd
VCA-0001,Kenya,D-KE-02,2026-baseline,CL-02,TEAM-2,man,19,secondary,6,78.8,0,5376.72,0,2992,0.0
VCA-0002,Uganda,D-UG-03,2026-baseline,CL-03,TEAM-3,another/prefer-not-to-say,31,post-secondary,7,52.4,1,8031.55,1,2702,2741.98
VCA-0003,Peru,D-PE-04,2026-baseline,CL-04,TEAM-4,woman,42,primary,3,47.5,0,4974.02,0,8879,0.0
VCA-0004,Kenya,D-KE-05,2026-baseline,CL-05,TEAM-5,man,72,secondary,5,84.6,1,4758.83,0,4614,0.0
VCA-0005,Uganda,D-UG-06,2026-baseline,CL-06,TEAM-6,another/prefer-not-to-say,59,post-secondary,8,58.2,1,2153.54,1,6603,706.2
VCA-0006,Peru,D-PE-07,2026-baseline,CL-07,TEAM-1,woman,38,primary,7,51.3,0,4066.89,1,2638,2244.91
VCA-0007,Kenya,D-KE-08,2026-baseline,CL-08,TEAM-2,man,31,secondary,0,69.8,1,1432.64,0,2990,0.0
VCA-0008,Uganda,D-UG-01,2026-baseline,CL-09,TEAM-3,another/prefer-not-to-say,63,post-secondary,1,66.1,1,3745.67,1,6439,1214.53
VCA-0009,Peru,D-PE-02,2026-baseline,CL-10,TEAM-4,woman,31,primary,5,36.4,1,1785.91,1,5910,774.59
VCA-0010,Kenya,D-KE-03,2026-baseline,CL-11,TEAM-5,man,31,secondary,3,45.4,1,7628.81,0,6388,0.0
VCA-0011,Uganda,D-UG-04,2026-baseline,CL-12,TEAM-6,another/prefer-not-to-say,43,post-secondary,3,67.7,1,2766.57,1,8682,1442.97
VCA-0012,Peru,D-PE-05,2026-baseline,CL-13,TEAM-1,woman,20,primary,8,29.0,1,4247.73,1,9634,1913.68
VCA-0013,Kenya,D-KE-06,2026-baseline,CL-14,TEAM-2,man,23,secondary,5,34.5,0,3747.25,0,6723,0.0
VCA-0014,Uganda,D-UG-07,2026-baseline,CL-15,TEAM-3,another/prefer-not-to-say,57,post-secondary,0,28.9,1,4103.82,1,8842,1878.48
VCA-0015,Peru,D-PE-08,2026-baseline,CL-16,TEAM-4,woman,45,primary,3,60.3,0,5328.71,0,4162,0.0
VCA-0016,Kenya,D-KE-01,2026-baseline,CL-17,TEAM-5,man,29,secondary,3,70.2,1,3026.03,1,9719,1511.99
VCA-0017,Uganda,D-UG-02,2026-baseline,CL-18,TEAM-6,another/prefer-not-to-say,25,post-secondary,5,29.4,1,3236.97,1,5331,1209.88
VCA-0018,Peru,D-PE-03,2026-baseline,CL-19,TEAM-1,woman,70,primary,4,24.8,0,2759.67,0,9891,0.0
VCA-0019,Kenya,D-KE-04,2026-baseline,CL-20,TEAM-2,man,60,secondary,4,81.7,0,1471.67,1,1944,613.75
VCA-0020,Uganda,D-UG-05,2026-baseline,CL-21,TEAM-3,another/prefer-not-to-say,72,post-secondary,4,26.9,1,3938.99,1,2191,1685.34
VCA-0021,Peru,D-PE-06,2026-baseline,CL-22,TEAM-4,woman,56,primary,6,62.4,1,5190.07,1,4936,2014.87
VCA-0022,Kenya,D-KE-07,2026-baseline,CL-23,TEAM-5,man,51,secondary,4,27.5,1,4528.8,0,5640,0.0
VCA-0023,Uganda,D-UG-08,2026-baseline,CL-24,TEAM-6,another/prefer-not-to-say,27,post-secondary,8,41.5,1,2455.78,1,6022,1250.79
VCA-0024,Peru,D-PE-01,2026-baseline,CL-25,TEAM-1,woman,62,primary,1,85.4,0,1680.49,0,2138,0.0
VCA-0025,Kenya,D-KE-02,2026-baseline,CL-26,TEAM-2,man,63,secondary,3,50.8,1,4738.78,0,5780,0.0
VCA-0026,Uganda,D-UG-03,2026-baseline,CL-27,TEAM-3,another/prefer-not-to-say,70,post-secondary,2,29.9,1,6022.09,1,1938,2926.39
VCA-0027,Peru,D-PE-04,2026-baseline,CL-28,TEAM-4,woman,26,primary,7,67.1,1,3055.42,0,6999,0.0
VCA-0028,Kenya,D-KE-05,2026-baseline,CL-29,TEAM-5,man,57,secondary,2,46.7,0,4542.76,1,8571,1332.5
VCA-0029,Uganda,D-UG-06,2026-baseline,CL-30,TEAM-6,another/prefer-not-to-say,64,post-secondary,6,100,0,3818.82,1,2083,2323.6
VCA-0030,Peru,D-PE-07,2026-baseline,CL-01,TEAM-1,woman,69,primary,4,15.6,0,3248.39,0,1293,0.0
VCA-0031,Kenya,D-KE-08,2026-baseline,CL-02,TEAM-2,man,23,secondary,5,32.9,0,2843.62,0,3797,0.0
VCA-0032,Uganda,D-UG-01,2026-baseline,CL-03,TEAM-3,another/prefer-not-to-say,19,post-secondary,7,73.8,1,5953.79,1,6064,3313.63
VCA-0033,Peru,D-PE-02,2026-baseline,CL-04,TEAM-4,woman,42,primary,8,46.5,0,3783.27,1,9237,1352.73
VCA-0034,Kenya,D-KE-03,2026-baseline,CL-05,TEAM-5,man,51,secondary,4,41.8,0,5315.55,0,8395,0.0
VCA-0035,Uganda,D-UG-04,2026-baseline,CL-06,TEAM-6,another/prefer-not-to-say,50,post-secondary,5,38.1,0,7319.47,1,8589,4346.88
VCA-0036,Peru,D-PE-05,2026-baseline,CL-07,TEAM-1,woman,27,primary,0,71.7,0,3645.85,0,4328,0.0
VCA-0037,Kenya,D-KE-06,2026-baseline,CL-08,TEAM-2,man,46,secondary,2,50.8,0,2485.55,0,3277,0.0
VCA-0038,Uganda,D-UG-07,2026-baseline,CL-09,TEAM-3,another/prefer-not-to-say,51,post-secondary,8,22.7,1,4921.89,1,8492,2028.24
VCA-0039,Peru,D-PE-08,2026-baseline,CL-10,TEAM-4,woman,25,primary,3,51.2,0,3744.97,1,7245,2176.9
VCA-0040,Kenya,D-KE-01,2026-baseline,CL-11,TEAM-5,man,43,secondary,1,84.2,1,3675.66,0,7015,0.0
VCA-0041,Uganda,D-UG-02,2026-baseline,CL-12,TEAM-6,another/prefer-not-to-say,56,post-secondary,0,55.8,1,3012.08,0,2957,0.0
VCA-0042,Peru,D-PE-03,2026-baseline,CL-13,TEAM-1,woman,69,primary,7,49.8,0,10603.77,1,3512,5067.96
VCA-0043,Kenya,D-KE-04,2026-baseline,CL-14,TEAM-2,man,22,secondary,8,5,0,7638.61,1,2194,2345.45
VCA-0044,Uganda,D-UG-05,2026-baseline,CL-15,TEAM-3,another/prefer-not-to-say,32,post-secondary,0,17.9,1,1919.26,1,8480,1153.24
VCA-0045,Peru,D-PE-06,2026-baseline,CL-16,TEAM-4,woman,44,primary,5,80.6,0,1433.57,1,5545,492.99
VCA-0046,Kenya,D-KE-07,2026-baseline,CL-17,TEAM-5,man,62,secondary,5,26.7,1,2342.29,1,1495,1188.45
VCA-0047,Uganda,D-UG-08,2026-baseline,CL-18,TEAM-6,another/prefer-not-to-say,28,post-secondary,7,83.4,1,4451.95,1,6439,1547.66
VCA-0048,Peru,D-PE-01,2026-baseline,CL-19,TEAM-1,woman,45,primary,7,34.3,0,6479.03,0,8174,0.0
VCA-0049,Kenya,D-KE-02,2026-baseline,CL-20,TEAM-2,man,36,secondary,0,85.2,0,2403.38,1,3197,1063.14
VCA-0050,Uganda,D-UG-03,2026-baseline,CL-21,TEAM-3,another/prefer-not-to-say,39,post-secondary,2,48.1,1,6224.77,0,1132,0.0
VCA-0051,Peru,D-PE-04,2026-baseline,CL-22,TEAM-4,woman,49,primary,0,79.3,0,4068.21,0,4483,0.0
VCA-0052,Kenya,D-KE-05,2026-baseline,CL-23,TEAM-5,man,26,secondary,5,25.2,1,3630.99,0,8400,0.0
VCA-0053,Uganda,D-UG-06,2026-baseline,CL-24,TEAM-6,another/prefer-not-to-say,51,post-secondary,1,48.8,1,4701.96,1,6802,2079.21
VCA-0054,Peru,D-PE-07,2026-baseline,CL-25,TEAM-1,woman,66,primary,8,44.5,0,2743.96,0,8665,0.0
VCA-0055,Kenya,D-KE-08,2026-baseline,CL-26,TEAM-2,man,41,secondary,0,49.7,1,3937.34,1,7900,2149.31
VCA-0056,Uganda,D-UG-01,2026-baseline,CL-27,TEAM-3,another/prefer-not-to-say,63,post-secondary,8,35.2,1,3601.0,1,9476,1291.29
VCA-0057,Peru,D-PE-02,2026-baseline,CL-28,TEAM-4,woman,66,primary,7,75.0,0,5530.34,1,9445,3127.64
VCA-0058,Kenya,D-KE-03,2026-baseline,CL-29,TEAM-5,man,43,secondary,5,49.8,1,2696.75,0,4932,0.0
VCA-0059,Uganda,D-UG-04,2026-baseline,CL-30,TEAM-6,another/prefer-not-to-say,22,post-secondary,5,42.5,1,4196.26,1,4109,1499.57
VCA-0060,Peru,D-PE-05,2026-baseline,CL-01,TEAM-1,woman,23,primary,4,64.2,0,1977.16,1,2728,785.86
VCA-0061,Kenya,D-KE-06,2026-baseline,CL-02,TEAM-2,man,53,secondary,1,63.8,1,4660.67,0,2201,0.0
VCA-0062,Uganda,D-UG-07,2026-baseline,CL-03,TEAM-3,another/prefer-not-to-say,40,post-secondary,2,34.9,1,3769.16,1,5479,1751.67
VCA-0063,Peru,D-PE-08,2026-baseline,CL-04,TEAM-4,woman,65,primary,0,20.4,0,2691.75,0,3933,0.0
VCA-0064,Kenya,D-KE-01,2026-baseline,CL-05,TEAM-5,man,32,secondary,7,26.8,0,10015.16,1,3979,4496.47
VCA-0065,Uganda,D-UG-02,2026-baseline,CL-06,TEAM-6,another/prefer-not-to-say,63,post-secondary,3,35.7,1,3082.41,1,7603,970.38
VCA-0066,Peru,D-PE-03,2026-baseline,CL-07,TEAM-1,woman,63,primary,1,62.2,0,4534.32,0,3610,0.0
VCA-0067,Kenya,D-KE-04,2026-baseline,CL-08,TEAM-2,man,70,secondary,1,63.9,0,4051.28,1,5918,1794.77
VCA-0068,Uganda,D-UG-05,2026-baseline,CL-09,TEAM-3,another/prefer-not-to-say,30,post-secondary,8,98.5,0,4828.74,1,5053,1503.16
VCA-0069,Peru,D-PE-06,2026-baseline,CL-10,TEAM-4,woman,62,primary,7,57.0,0,2742.29,1,8790,1445.99
VCA-0070,Kenya,D-KE-07,2026-baseline,CL-11,TEAM-5,man,68,secondary,0,40.2,1,6255.98,0,8740,0.0
VCA-0071,Uganda,D-UG-08,2026-baseline,CL-12,TEAM-6,another/prefer-not-to-say,71,post-secondary,0,35.6,1,3344.17,1,6446,1694.63
VCA-0072,Peru,D-PE-01,2026-baseline,CL-13,TEAM-1,woman,21,primary,8,65.3,0,4303.27,1,7016,1861.55
VCA-0073,Kenya,D-KE-02,2026-baseline,CL-14,TEAM-2,man,37,secondary,4,50.5,0,4130.35,0,4593,0.0
VCA-0074,Uganda,D-UG-03,2026-baseline,CL-15,TEAM-3,another/prefer-not-to-say,47,post-secondary,2,78.7,1,2785.4,1,5509,1223.3
VCA-0075,Peru,D-PE-04,2026-baseline,CL-16,TEAM-4,woman,51,primary,1,43.0,0,2613.19,0,7237,0.0
VCA-0076,Kenya,D-KE-05,2026-baseline,CL-17,TEAM-5,man,20,secondary,5,40.4,1,2738.81,0,4370,0.0
VCA-0077,Uganda,D-UG-06,2026-baseline,CL-18,TEAM-6,another/prefer-not-to-say,41,post-secondary,1,25.4,1,5043.45,0,8762,0.0
VCA-0078,Peru,D-PE-07,2026-baseline,CL-19,TEAM-1,woman,51,primary,0,42.3,0,4038.87,0,1312,0.0
VCA-0079,Kenya,D-KE-08,2026-baseline,CL-20,TEAM-2,man,28,secondary,0,5,1,1770.35,0,2880,0.0
VCA-0080,Uganda,D-UG-01,2026-baseline,CL-21,TEAM-3,another/prefer-not-to-say,46,post-secondary,2,54.0,1,2912.69,1,9068,1628.37
VCA-0081,Peru,D-PE-02,2026-baseline,CL-22,TEAM-4,woman,38,primary,6,25.0,0,2158.13,0,7156,0.0
VCA-0082,Kenya,D-KE-03,2026-baseline,CL-23,TEAM-5,man,25,secondary,6,49.8,0,1793.05,0,3908,0.0
VCA-0083,Uganda,D-UG-04,2026-baseline,CL-24,TEAM-6,another/prefer-not-to-say,63,post-secondary,8,37.5,1,1512.37,1,2726,516.05
VCA-0084,Peru,D-PE-05,2026-baseline,CL-25,TEAM-1,woman,33,primary,3,47.9,0,2582.08,0,7672,0.0
VCA-0085,Kenya,D-KE-06,2026-baseline,CL-26,TEAM-2,man,65,secondary,5,33.4,0,3528.09,1,1378,1768.22
VCA-0086,Uganda,D-UG-07,2026-baseline,CL-27,TEAM-3,another/prefer-not-to-say,37,post-secondary,7,32.2,1,3392.75,1,3305,1352.64
VCA-0087,Peru,D-PE-08,2026-baseline,CL-28,TEAM-4,woman,45,primary,7,39.5,0,3258.36,0,9930,0.0
VCA-0088,Kenya,D-KE-01,2026-baseline,CL-29,TEAM-5,man,44,secondary,4,46.8,1,3985.24,1,1343,1375.55
VCA-0089,Uganda,D-UG-02,2026-baseline,CL-30,TEAM-6,another/prefer-not-to-say,48,post-secondary,1,62.7,1,4560.66,0,5243,0.0
VCA-0090,Peru,D-PE-03,2026-baseline,CL-01,TEAM-1,woman,19,primary,0,56.2,0,6096.23,0,5438,0.0
VCA-0091,Kenya,D-KE-04,2026-baseline,CL-02,TEAM-2,man,56,secondary,2,51.2,0,3215.34,1,7451,1629.66
VCA-0092,Uganda,D-UG-05,2026-baseline,CL-03,TEAM-3,another/prefer-not-to-say,21,post-secondary,2,37.0,1,1268.96,1,5895,398.52
VCA-0093,Peru,D-PE-06,2026-baseline,CL-04,TEAM-4,woman,39,primary,2,29.5,0,3310.96,0,2451,0.0
VCA-0094,Kenya,D-KE-07,2026-baseline,CL-05,TEAM-5,man,54,secondary,5,55.3,0,7394.85,0,1913,0.0
VCA-0095,Uganda,D-UG-08,2026-baseline,CL-06,TEAM-6,another/prefer-not-to-say,29,post-secondary,1,45.1,1,2151.69,1,4068,974.9
VCA-0096,Peru,D-PE-01,2026-baseline,CL-07,TEAM-1,woman,34,primary,5,75.6,0,2313.54,1,1104,683.17
VCA-0097,Kenya,D-KE-02,2026-baseline,CL-08,TEAM-2,man,22,secondary,5,61.3,0,3915.02,1,8891,1325.53
VCA-0098,Uganda,D-UG-03,2026-baseline,CL-09,TEAM-3,another/prefer-not-to-say,43,post-secondary,3,76.3,1,5845.15,1,3747,2370.5
VCA-0099,Peru,D-PE-04,2026-baseline,CL-10,TEAM-4,woman,61,primary,5,39.0,0,3284.07,0,8360,0.0
VCA-0100,Kenya,D-KE-05,2026-baseline,CL-11,TEAM-5,man,27,secondary,2,86.7,1,4003.61,1,9866,1544.09
VCA-0101,Uganda,D-UG-06,2026-baseline,CL-12,TEAM-6,another/prefer-not-to-say,64,post-secondary,5,54.1,1,5185.18,1,8365,1921.64
VCA-0102,Peru,D-PE-07,2026-baseline,CL-13,TEAM-1,woman,28,primary,0,86.4,0,4423.07,0,5438,0.0
VCA-0103,Kenya,D-KE-08,2026-baseline,CL-14,TEAM-2,man,62,secondary,8,75.2,0,6460.12,1,8392,3709.34
VCA-0104,Uganda,D-UG-01,2026-baseline,CL-15,TEAM-3,another/prefer-not-to-say,60,post-secondary,8,59.4,1,1863.18,0,6443,0.0
VCA-0105,Peru,D-PE-02,2026-baseline,CL-16,TEAM-4,woman,44,primary,1,64.8,0,4666.94,0,4985,0.0
VCA-0106,Kenya,D-KE-03,2026-baseline,CL-17,TEAM-5,man,32,secondary,7,86.6,0,4774.56,1,9626,2486.53
VCA-0107,Uganda,D-UG-04,2026-baseline,CL-18,TEAM-6,another/prefer-not-to-say,40,post-secondary,6,33.5,1,4481.3,1,7271,2023.08
VCA-0108,Peru,D-PE-05,2026-baseline,CL-19,TEAM-1,woman,46,primary,7,66.3,0,2464.37,1,1981,1103.01
VCA-0109,Kenya,D-KE-06,2026-baseline,CL-20,TEAM-2,man,36,secondary,6,73.6,1,4345.94,1,5668,2639.04
VCA-0110,Uganda,D-UG-07,2026-baseline,CL-21,TEAM-3,another/prefer-not-to-say,40,post-secondary,8,79.4,1,4036.57,1,2000,1765.64
VCA-0111,Peru,D-PE-08,2026-baseline,CL-22,TEAM-4,woman,58,primary,5,31.7,0,4020.39,0,8270,0.0
VCA-0112,Kenya,D-KE-01,2026-baseline,CL-23,TEAM-5,man,22,secondary,0,14.8,0,4523.31,0,8376,0.0
VCA-0113,Uganda,D-UG-02,2026-baseline,CL-24,TEAM-6,another/prefer-not-to-say,49,post-secondary,2,33.9,1,7564.73,1,6049,4212.39
VCA-0114,Peru,D-PE-03,2026-baseline,CL-25,TEAM-1,woman,22,primary,8,75.8,0,5953.24,1,7155,2708.2
VCA-0115,Kenya,D-KE-04,2026-baseline,CL-26,TEAM-2,man,59,secondary,8,67.4,0,2910.63,1,3229,1104.59
VCA-0116,Uganda,D-UG-05,2026-baseline,CL-27,TEAM-3,another/prefer-not-to-say,58,post-secondary,8,38.2,1,4463.91,1,5999,2557.23
VCA-0117,Peru,D-PE-06,2026-baseline,CL-28,TEAM-4,woman,59,primary,1,26.3,0,5115.67,0,8199,0.0
VCA-0118,Kenya,D-KE-07,2026-baseline,CL-29,TEAM-5,man,48,secondary,0,50.7,0,6662.98,1,9395,3117.55
VCA-0119,Uganda,D-UG-08,2026-baseline,CL-30,TEAM-6,another/prefer-not-to-say,22,post-secondary,4,75.4,1,4962.3,1,7617,2551.84
VCA-0120,Peru,D-PE-01,2026-baseline,CL-01,TEAM-1,woman,69,primary,6,51.3,1,3033.02,1,5649,1281.05
VCA-0121,Kenya,D-KE-02,2026-baseline,CL-02,TEAM-2,man,66,secondary,2,10.3,1,6637.45,0,7886,0.0
VCA-0122,Uganda,D-UG-03,2026-baseline,CL-03,TEAM-3,another/prefer-not-to-say,21,post-secondary,0,48.2,1,6200.23,1,7142,3300.73
VCA-0123,Peru,D-PE-04,2026-baseline,CL-04,TEAM-4,woman,54,primary,4,23.4,0,2857.44,0,3991,0.0
VCA-0124,Kenya,D-KE-05,2026-baseline,CL-05,TEAM-5,man,70,secondary,6,32.8,1,1910.87,1,3320,575.18
VCA-0125,Uganda,D-UG-06,2026-baseline,CL-06,TEAM-6,another/prefer-not-to-say,24,post-secondary,5,46.4,1,4732.22,1,8167,2632.48
VCA-0126,Peru,D-PE-07,2026-baseline,CL-07,TEAM-1,woman,63,primary,0,49.1,0,3464.28,0,4343,0.0
VCA-0127,Kenya,D-KE-08,2026-baseline,CL-08,TEAM-2,man,34,secondary,3,63.1,0,8350.36,1,6318,4724.8
VCA-0128,Uganda,D-UG-01,2026-baseline,CL-09,TEAM-3,another/prefer-not-to-say,38,post-secondary,4,68.2,1,5871.67,1,8060,2387.5
VCA-0129,Peru,D-PE-02,2026-baseline,CL-10,TEAM-4,woman,41,primary,0,58.9,0,4090.72,0,1815,0.0
VCA-0130,Kenya,D-KE-03,2026-baseline,CL-11,TEAM-5,man,27,secondary,6,38.5,1,8032.55,1,6737,2590.99
VCA-0131,Uganda,D-UG-04,2026-baseline,CL-12,TEAM-6,another/prefer-not-to-say,37,post-secondary,6,71.1,0,3798.1,1,9643,1080.21
VCA-0132,Peru,D-PE-05,2026-baseline,CL-13,TEAM-1,woman,70,primary,8,56.6,0,5421.56,1,5702,3164.47
VCA-0133,Kenya,D-KE-06,2026-baseline,CL-14,TEAM-2,man,56,secondary,0,49.7,1,10291.7,1,2775,3134.49
VCA-0134,Uganda,D-UG-07,2026-baseline,CL-15,TEAM-3,another/prefer-not-to-say,27,post-secondary,0,31.2,1,3787.5,0,2872,0.0
VCA-0135,Peru,D-PE-08,2026-baseline,CL-16,TEAM-4,woman,24,primary,1,71.4,0,6599.72,0,1459,0.0
VCA-0136,Kenya,D-KE-01,2026-baseline,CL-17,TEAM-5,man,62,secondary,1,53.3,1,7969.54,1,6016,2934.46
VCA-0137,Uganda,D-UG-02,2026-baseline,CL-18,TEAM-6,another/prefer-not-to-say,36,post-secondary,6,50.5,1,3248.31,1,3663,980.25
VCA-0138,Peru,D-PE-03,2026-baseline,CL-19,TEAM-1,woman,32,primary,0,33.4,0,2748.09,0,7367,0.0
VCA-0139,Kenya,D-KE-04,2026-baseline,CL-20,TEAM-2,man,24,secondary,0,65.7,0,4364.66,0,6725,0.0
VCA-0140,Uganda,D-UG-05,2026-baseline,CL-21,TEAM-3,another/prefer-not-to-say,20,post-secondary,5,37.0,1,1597.33,0,3655,0.0
VCA-0141,Peru,D-PE-06,2026-baseline,CL-22,TEAM-4,woman,43,primary,5,59.6,0,2889.8,0,8887,0.0
VCA-0142,Kenya,D-KE-07,2026-baseline,CL-23,TEAM-5,man,65,secondary,1,58.0,0,7266.77,1,9088,2444.12
VCA-0143,Uganda,D-UG-08,2026-baseline,CL-24,TEAM-6,another/prefer-not-to-say,45,post-secondary,1,79.1,1,3261.77,1,8345,1412.1
VCA-0144,Peru,D-PE-01,2026-baseline,CL-25,TEAM-1,woman,31,primary,0,58.2,0,1718.96,0,9842,0.0
VCA-0145,Kenya,D-KE-02,2026-baseline,CL-26,TEAM-2,man,33,secondary,1,40.2,0,5644.38,0,5918,0.0
VCA-0146,Uganda,D-UG-03,2026-baseline,CL-27,TEAM-3,another/prefer-not-to-say,21,post-secondary,1,63.7,1,5775.63,0,7340,0.0
VCA-0147,Peru,D-PE-04,2026-baseline,CL-28,TEAM-4,woman,47,primary,8,74.9,0,1169.24,1,3414,673.9
VCA-0148,Kenya,D-KE-05,2026-baseline,CL-29,TEAM-5,man,43,secondary,1,63.0,0,3079.84,1,2853,905.65
VCA-0149,Uganda,D-UG-06,2026-baseline,CL-30,TEAM-6,another/prefer-not-to-say,25,post-secondary,8,46.2,1,4950.01,1,3222,1537.89
VCA-0150,Peru,D-PE-07,2026-baseline,CL-01,TEAM-1,woman,55,primary,3,71.4,0,2467.36,1,8200,749.81
VCA-0151,Kenya,D-KE-08,2026-baseline,CL-02,TEAM-2,man,70,secondary,0,82.5,1,1791.52,1,7560,534.55
VCA-0152,Uganda,D-UG-01,2026-baseline,CL-03,TEAM-3,another/prefer-not-to-say,56,post-secondary,0,49.5,1,3709.39,0,1847,0.0
VCA-0153,Peru,D-PE-02,2026-baseline,CL-04,TEAM-4,woman,22,primary,4,47.2,0,4978.09,0,2002,0.0
VCA-0154,Kenya,D-KE-03,2026-baseline,CL-05,TEAM-5,man,34,secondary,4,57.2,0,1994.67,1,6909,1082.31
VCA-0155,Uganda,D-UG-04,2026-baseline,CL-06,TEAM-6,another/prefer-not-to-say,50,post-secondary,0,48.5,1,5023.19,0,5302,0.0
VCA-0156,Peru,D-PE-05,2026-baseline,CL-07,TEAM-1,woman,69,primary,3,40.7,0,3171.18,0,8861,0.0
VCA-0157,Kenya,D-KE-06,2026-baseline,CL-08,TEAM-2,man,31,secondary,7,97.5,1,2255.29,1,9693,964.06
VCA-0158,Uganda,D-UG-07,2026-baseline,CL-09,TEAM-3,another/prefer-not-to-say,52,post-secondary,7,24.6,1,6028.84,0,3053,0.0
VCA-0159,Peru,D-PE-08,2026-baseline,CL-10,TEAM-4,woman,39,primary,0,66.2,0,2547.29,1,5719,1552.84
VCA-0160,Kenya,D-KE-01,2026-baseline,CL-11,TEAM-5,man,69,secondary,8,50.8,1,2649.45,1,5291,1571.97
VCA-0161,Uganda,D-UG-02,2026-baseline,CL-12,TEAM-6,another/prefer-not-to-say,19,post-secondary,2,12.6,1,8735.69,0,1742,0.0
VCA-0162,Peru,D-PE-03,2026-baseline,CL-13,TEAM-1,woman,41,primary,7,48.8,0,4017.88,1,6102,1938.46
VCA-0163,Kenya,D-KE-04,2026-baseline,CL-14,TEAM-2,man,42,secondary,5,44.3,1,3570.19,1,4221,1992.25
VCA-0164,Uganda,D-UG-05,2026-baseline,CL-15,TEAM-3,another/prefer-not-to-say,38,post-secondary,1,83.2,1,4039.53,1,6755,1888.84
VCA-0165,Peru,D-PE-06,2026-baseline,CL-16,TEAM-4,woman,37,primary,8,35.4,1,2058.51,0,8546,0.0
VCA-0166,Kenya,D-KE-07,2026-baseline,CL-17,TEAM-5,man,57,secondary,3,39.0,1,2159.89,1,2907,1225.98
VCA-0167,Uganda,D-UG-08,2026-baseline,CL-18,TEAM-6,another/prefer-not-to-say,46,post-secondary,8,93.0,1,2714.3,1,3335,1475.68
VCA-0168,Peru,D-PE-01,2026-baseline,CL-19,TEAM-1,woman,71,primary,5,61.7,0,2401.93,0,6013,0.0
VCA-0169,Kenya,D-KE-02,2026-baseline,CL-20,TEAM-2,man,34,secondary,6,65.6,0,4801.43,1,3967,2132.17
VCA-0170,Uganda,D-UG-03,2026-baseline,CL-21,TEAM-3,another/prefer-not-to-say,69,post-secondary,2,17.6,1,1851.0,0,7192,0.0
VCA-0171,Peru,D-PE-04,2026-baseline,CL-22,TEAM-4,woman,50,primary,3,63.7,1,3826.21,1,7342,1672.4
VCA-0172,Kenya,D-KE-05,2026-baseline,CL-23,TEAM-5,man,66,secondary,5,50.4,1,3579.41,0,8384,0.0
VCA-0173,Uganda,D-UG-06,2026-baseline,CL-24,TEAM-6,another/prefer-not-to-say,20,post-secondary,4,92.2,1,3173.82,1,9534,991.94
VCA-0174,Peru,D-PE-07,2026-baseline,CL-25,TEAM-1,woman,30,primary,6,50.7,0,3285.16,1,5592,1950.54
VCA-0175,Kenya,D-KE-08,2026-baseline,CL-26,TEAM-2,man,72,secondary,6,38.6,1,3999.27,1,3522,1656.42
VCA-0176,Uganda,D-UG-01,2026-baseline,CL-27,TEAM-3,another/prefer-not-to-say,36,post-secondary,2,76.7,1,3246.17,0,2677,0.0
VCA-0177,Peru,D-PE-02,2026-baseline,CL-28,TEAM-4,woman,21,primary,5,25.0,0,3765.93,0,6829,0.0
VCA-0178,Kenya,D-KE-03,2026-baseline,CL-29,TEAM-5,man,32,secondary,5,60.2,0,3810.12,1,5840,1391.77
VCA-0179,Uganda,D-UG-04,2026-baseline,CL-30,TEAM-6,another/prefer-not-to-say,70,post-secondary,2,46.2,1,3077.07,1,2447,1443.07
VCA-0180,Peru,D-PE-05,2026-baseline,CL-01,TEAM-1,woman,47,primary,1,75.2,0,3289.13,1,8563,1335.24
VCA-0181,Kenya,D-KE-06,2026-baseline,CL-02,TEAM-2,man,60,secondary,6,78.3,1,4051.94,1,1067,1135.72
VCA-0182,Uganda,D-UG-07,2026-baseline,CL-03,TEAM-3,another/prefer-not-to-say,49,post-secondary,6,5,1,7859.16,1,1801,3027.52
VCA-0183,Peru,D-PE-08,2026-baseline,CL-04,TEAM-4,woman,22,primary,4,38.4,0,2032.99,0,3418,0.0
VCA-0184,Kenya,D-KE-01,2026-baseline,CL-05,TEAM-5,man,61,secondary,5,68.6,1,2623.54,1,6260,1190.52
VCA-0185,Uganda,D-UG-02,2026-baseline,CL-06,TEAM-6,another/prefer-not-to-say,63,post-secondary,2,41.6,1,6101.4,0,3097,0.0
VCA-0186,Peru,D-PE-03,2026-baseline,CL-07,TEAM-1,woman,54,primary,6,69.7,0,7386.79,0,5763,0.0
VCA-0187,Kenya,D-KE-04,2026-baseline,CL-08,TEAM-2,man,37,secondary,5,48.3,1,2826.44,1,5460,1562.26
VCA-0188,Uganda,D-UG-05,2026-baseline,CL-09,TEAM-3,another/prefer-not-to-say,33,post-secondary,7,42.0,1,3639.91,1,9752,2219.98
VCA-0189,Peru,D-PE-06,2026-baseline,CL-10,TEAM-4,woman,60,primary,7,88.5,0,2039.94,1,2144,1003.94
VCA-0190,Kenya,D-KE-07,2026-baseline,CL-11,TEAM-5,man,59,secondary,2,45.2,0,3962.23,1,3373,1834.54
VCA-0191,Uganda,D-UG-08,2026-baseline,CL-12,TEAM-6,another/prefer-not-to-say,31,post-secondary,2,21.5,1,3528.39,1,2858,2062.03
VCA-0192,Peru,D-PE-01,2026-baseline,CL-13,TEAM-1,woman,36,primary,5,30.6,0,6093.97,0,5046,0.0
VCA-0193,Kenya,D-KE-02,2026-baseline,CL-14,TEAM-2,man,26,secondary,3,38.9,0,4149.49,0,8164,0.0
VCA-0194,Uganda,D-UG-03,2026-baseline,CL-15,TEAM-3,another/prefer-not-to-say,50,post-secondary,2,59.1,1,3818.28,1,7345,1781.45
VCA-0195,Peru,D-PE-04,2026-baseline,CL-16,TEAM-4,woman,22,primary,0,32.0,0,5673.78,0,4978,0.0
VCA-0196,Kenya,D-KE-05,2026-baseline,CL-17,TEAM-5,man,61,secondary,4,11.5,1,2301.82,0,6475,0.0
VCA-0197,Uganda,D-UG-06,2026-baseline,CL-18,TEAM-6,another/prefer-not-to-say,19,post-secondary,0,18.4,1,1737.95,0,2598,0.0
VCA-0198,Peru,D-PE-07,2026-baseline,CL-19,TEAM-1,woman,23,primary,5,66.9,0,5270.46,1,1559,3232.92
VCA-0199,Kenya,D-KE-08,2026-baseline,CL-20,TEAM-2,man,59,secondary,4,46.2,0,2705.94,1,8969,1011.64
VCA-0200,Uganda,D-UG-01,2026-baseline,CL-21,TEAM-3,another/prefer-not-to-say,30,post-secondary,3,47.8,1,2104.95,1,1622,740.07
VCA-0201,Peru,D-PE-02,2026-baseline,CL-22,TEAM-4,woman,29,primary,4,46.4,0,1678.72,0,8648,0.0
VCA-0202,Kenya,D-KE-03,2026-baseline,CL-23,TEAM-5,man,67,secondary,3,75.8,1,1973.73,1,1088,949.81
VCA-0203,Uganda,D-UG-04,2026-baseline,CL-24,TEAM-6,another/prefer-not-to-say,33,post-secondary,3,25.6,1,5644.57,1,1760,3480.87
VCA-0204,Peru,D-PE-05,2026-baseline,CL-25,TEAM-1,woman,42,primary,7,51.1,0,3400.28,1,9545,1374.06
VCA-0205,Kenya,D-KE-06,2026-baseline,CL-26,TEAM-2,man,60,secondary,4,42.3,1,2317.7,1,6384,892.82
VCA-0206,Uganda,D-UG-07,2026-baseline,CL-27,TEAM-3,another/prefer-not-to-say,52,post-secondary,2,28.3,1,4957.18,0,4530,0.0
VCA-0207,Peru,D-PE-08,2026-baseline,CL-28,TEAM-4,woman,19,primary,7,64.0,0,4272.13,0,6607,0.0
VCA-0208,Kenya,D-KE-01,2026-baseline,CL-29,TEAM-5,man,69,secondary,7,53.3,0,2017.49,1,5119,889.75
VCA-0209,Uganda,D-UG-02,2026-baseline,CL-30,TEAM-6,another/prefer-not-to-say,58,post-secondary,5,85.2,1,4709.53,1,5894,1889.02
VCA-0210,Peru,D-PE-03,2026-baseline,CL-01,TEAM-1,woman,43,primary,8,18.2,0,3324.51,0,8166,0.0
VCA-0211,Kenya,D-KE-04,2026-baseline,CL-02,TEAM-2,man,66,secondary,0,77.1,1,4430.99,1,5513,2453.76
VCA-0212,Uganda,D-UG-05,2026-baseline,CL-03,TEAM-3,another/prefer-not-to-say,68,post-secondary,5,62.7,1,2174.46,1,9586,768.49
VCA-0213,Peru,D-PE-06,2026-baseline,CL-04,TEAM-4,woman,70,primary,3,57.6,0,4228.58,0,4235,0.0
VCA-0214,Kenya,D-KE-07,2026-baseline,CL-05,TEAM-5,man,40,secondary,0,47.5,1,8368.17,0,7249,0.0
VCA-0215,Uganda,D-UG-08,2026-baseline,CL-06,TEAM-6,another/prefer-not-to-say,27,post-secondary,2,58.5,0,4387.7,1,6861,2144.0
VCA-0216,Peru,D-PE-01,2026-baseline,CL-07,TEAM-1,woman,39,primary,0,58.0,0,1936.54,0,5053,0.0
VCA-0217,Kenya,D-KE-02,2026-baseline,CL-08,TEAM-2,man,21,secondary,3,56.4,1,4961.68,0,5667,0.0
VCA-0218,Uganda,D-UG-03,2026-baseline,CL-09,TEAM-3,another/prefer-not-to-say,37,post-secondary,4,43.0,1,7228.78,1,5150,3370.47
VCA-0219,Peru,D-PE-04,2026-baseline,CL-10,TEAM-4,woman,50,primary,0,74.5,0,7180.69,0,6209,0.0
VCA-0220,Kenya,D-KE-05,2026-baseline,CL-11,TEAM-5,man,46,secondary,7,71.0,0,3789.97,1,6370,2323.08
VCA-0221,Uganda,D-UG-06,2026-baseline,CL-12,TEAM-6,another/prefer-not-to-say,47,post-secondary,0,54.4,0,2537.1,0,1579,0.0
VCA-0222,Peru,D-PE-07,2026-baseline,CL-13,TEAM-1,woman,35,primary,6,69.5,0,2586.34,0,3365,0.0
VCA-0223,Kenya,D-KE-08,2026-baseline,CL-14,TEAM-2,man,34,secondary,7,84.1,0,4553.98,1,3139,1776.81
VCA-0224,Uganda,D-UG-01,2026-baseline,CL-15,TEAM-3,another/prefer-not-to-say,64,post-secondary,0,38.0,1,2808.74,0,2324,0.0
VCA-0225,Peru,D-PE-02,2026-baseline,CL-16,TEAM-4,woman,67,primary,2,58.4,0,4791.91,0,8950,0.0
VCA-0226,Kenya,D-KE-03,2026-baseline,CL-17,TEAM-5,man,40,secondary,6,54.4,0,4329.94,1,1490,2313.33
VCA-0227,Uganda,D-UG-04,2026-baseline,CL-18,TEAM-6,another/prefer-not-to-say,72,post-secondary,8,23.0,1,3627.94,1,5168,1233.05
VCA-0228,Peru,D-PE-05,2026-baseline,CL-19,TEAM-1,woman,59,primary,8,61.5,0,3886.98,0,2553,0.0
VCA-0229,Kenya,D-KE-06,2026-baseline,CL-20,TEAM-2,man,69,secondary,5,32.7,0,2088.41,1,2031,748.88
VCA-0230,Uganda,D-UG-07,2026-baseline,CL-21,TEAM-3,another/prefer-not-to-say,34,post-secondary,3,10.5,1,3113.0,1,6153,1619.58
VCA-0231,Peru,D-PE-08,2026-baseline,CL-22,TEAM-4,woman,32,primary,0,61.3,0,2466.23,0,2278,0.0
VCA-0232,Kenya,D-KE-01,2026-baseline,CL-23,TEAM-5,man,42,secondary,7,69.4,0,8791.42,1,5117,2626.48
VCA-0233,Uganda,D-UG-02,2026-baseline,CL-24,TEAM-6,another/prefer-not-to-say,44,post-secondary,1,50.4,1,5037.17,0,2331,0.0
VCA-0234,Peru,D-PE-03,2026-baseline,CL-25,TEAM-1,woman,48,primary,2,12.9,0,8767.23,0,3923,0.0
VCA-0235,Kenya,D-KE-04,2026-baseline,CL-26,TEAM-2,man,50,secondary,7,34.9,0,2450.15,0,7183,0.0
VCA-0236,Uganda,D-UG-05,2026-baseline,CL-27,TEAM-3,another/prefer-not-to-say,33,post-secondary,2,55.8,1,4091.73,1,9326,1179.63
VCA-0237,Peru,D-PE-06,2026-baseline,CL-28,TEAM-4,woman,51,primary,5,9.1,0,2595.18,0,1579,0.0
VCA-0238,Kenya,D-KE-07,2026-baseline,CL-29,TEAM-5,man,22,secondary,4,29.8,0,4660.8,1,7268,1603.16
VCA-0239,Uganda,D-UG-08,2026-baseline,CL-30,TEAM-6,another/prefer-not-to-say,22,post-secondary,2,40.0,1,4072.04,1,5182,2351.79
VCA-0240,Peru,D-PE-01,2026-baseline,CL-01,TEAM-1,woman,20,primary,5,39.9,1,8436.99,0,2416,0.0
VCA-0241,Kenya,D-KE-02,2026-baseline,CL-02,TEAM-2,man,46,secondary,3,52.6,0,4816.62,1,5401,1933.7
VCA-0242,Uganda,D-UG-03,2026-baseline,CL-03,TEAM-3,another/prefer-not-to-say,30,post-secondary,6,35.8,1,4909.97,1,9653,1853.14
VCA-0243,Peru,D-PE-04,2026-baseline,CL-04,TEAM-4,woman,30,primary,2,63.8,0,2360.97,0,6288,0.0
VCA-0244,Kenya,D-KE-05,2026-baseline,CL-05,TEAM-5,man,58,secondary,0,56.4,0,3051.0,1,3268,1430.43
VCA-0245,Uganda,D-UG-06,2026-baseline,CL-06,TEAM-6,another/prefer-not-to-say,72,post-secondary,8,45.0,1,3778.71,1,1907,1185.21
VCA-0246,Peru,D-PE-07,2026-baseline,CL-07,TEAM-1,woman,57,primary,4,78.2,0,7043.06,1,6878,2881.76
VCA-0247,Kenya,D-KE-08,2026-baseline,CL-08,TEAM-2,man,35,secondary,3,36.0,1,4274.52,0,5547,0.0
VCA-0248,Uganda,D-UG-01,2026-baseline,CL-09,TEAM-3,another/prefer-not-to-say,66,post-secondary,8,44.6,1,1544.35,1,2245,684.43
VCA-0249,Peru,D-PE-02,2026-baseline,CL-10,TEAM-4,woman,65,primary,8,70.8,0,4230.23,1,4778,1297.68
VCA-0250,Kenya,D-KE-03,2026-baseline,CL-11,TEAM-5,man,62,secondary,4,49.9,0,3401.48,1,4091,1209.09
VCA-0251,Uganda,D-UG-04,2026-baseline,CL-12,TEAM-6,another/prefer-not-to-say,39,post-secondary,0,63.3,0,10216.17,1,4507,5806.75
VCA-0252,Peru,D-PE-05,2026-baseline,CL-13,TEAM-1,woman,51,primary,7,46.7,0,2447.71,0,5026,0.0
VCA-0253,Kenya,D-KE-06,2026-baseline,CL-14,TEAM-2,man,39,secondary,4,39.7,0,1559.32,0,9082,0.0
VCA-0254,Uganda,D-UG-07,2026-baseline,CL-15,TEAM-3,another/prefer-not-to-say,71,post-secondary,4,26.7,1,3542.22,1,8928,1997.17
VCA-0255,Peru,D-PE-08,2026-baseline,CL-16,TEAM-4,woman,25,primary,3,39.8,0,3589.53,1,2226,1783.34
VCA-0256,Kenya,D-KE-01,2026-baseline,CL-17,TEAM-5,man,72,secondary,3,38.4,0,3476.23,0,1070,0.0
VCA-0257,Uganda,D-UG-02,2026-baseline,CL-18,TEAM-6,another/prefer-not-to-say,58,post-secondary,7,64.0,1,6995.81,1,4295,2012.56
VCA-0258,Peru,D-PE-03,2026-baseline,CL-19,TEAM-1,woman,28,primary,5,44.1,0,1866.25,0,3891,0.0
VCA-0259,Kenya,D-KE-04,2026-baseline,CL-20,TEAM-2,man,48,secondary,7,28.3,0,4070.28,0,1712,0.0
VCA-0260,Uganda,D-UG-05,2026-baseline,CL-21,TEAM-3,another/prefer-not-to-say,56,post-secondary,6,64.5,1,3064.43,1,6743,1069.08
VCA-0261,Peru,D-PE-06,2026-baseline,CL-22,TEAM-4,woman,24,primary,3,51.6,0,7249.74,0,6930,0.0
VCA-0262,Kenya,D-KE-07,2026-baseline,CL-23,TEAM-5,man,61,secondary,8,43.7,0,1386.22,1,8006,407.16
VCA-0263,Uganda,D-UG-08,2026-baseline,CL-24,TEAM-6,another/prefer-not-to-say,56,post-secondary,1,48.4,1,2135.14,1,8136,1130.84
VCA-0264,Peru,D-PE-01,2026-baseline,CL-25,TEAM-1,woman,64,primary,6,71.8,0,4329.11,0,9672,0.0
VCA-0265,Kenya,D-KE-02,2026-baseline,CL-26,TEAM-2,man,29,secondary,4,70.9,1,4548.58,1,3497,1304.09
VCA-0266,Uganda,D-UG-03,2026-baseline,CL-27,TEAM-3,another/prefer-not-to-say,38,post-secondary,6,26.5,1,3302.83,1,7999,1600.65
VCA-0267,Peru,D-PE-04,2026-baseline,CL-28,TEAM-4,woman,29,primary,2,43.0,0,5722.18,0,7745,0.0
VCA-0268,Kenya,D-KE-05,2026-baseline,CL-29,TEAM-5,man,25,secondary,2,33.1,0,7558.13,0,7974,0.0
VCA-0269,Uganda,D-UG-06,2026-baseline,CL-30,TEAM-6,another/prefer-not-to-say,39,post-secondary,7,83.7,1,3234.94,1,3388,1868.83
VCA-0270,Peru,D-PE-07,2026-baseline,CL-01,TEAM-1,woman,25,primary,6,38.7,1,2994.75,0,4091,0.0
VCA-0271,Kenya,D-KE-08,2026-baseline,CL-02,TEAM-2,man,46,secondary,2,20.4,1,3990.78,0,7518,0.0
VCA-0272,Uganda,D-UG-01,2026-baseline,CL-03,TEAM-3,another/prefer-not-to-say,26,post-secondary,5,42.9,1,4007.24,0,6357,0.0
VCA-0273,Peru,D-PE-02,2026-baseline,CL-04,TEAM-4,woman,54,primary,7,35.2,0,2799.12,1,7454,1386.37
VCA-0274,Kenya,D-KE-03,2026-baseline,CL-05,TEAM-5,man,23,secondary,3,77.5,0,5080.72,1,9803,2124.57
VCA-0275,Uganda,D-UG-04,2026-baseline,CL-06,TEAM-6,another/prefer-not-to-say,72,post-secondary,6,89.5,1,5115.13,1,8719,3118.79
VCA-0276,Peru,D-PE-05,2026-baseline,CL-07,TEAM-1,woman,44,primary,2,48.7,0,4685.01,0,6395,0.0
VCA-0277,Kenya,D-KE-06,2026-baseline,CL-08,TEAM-2,man,27,secondary,6,58.9,0,2281.9,1,7133,876.62
VCA-0278,Uganda,D-UG-07,2026-baseline,CL-09,TEAM-3,another/prefer-not-to-say,35,post-secondary,8,31.2,1,3571.0,1,3564,2164.59
VCA-0279,Peru,D-PE-08,2026-baseline,CL-10,TEAM-4,woman,63,primary,0,22.4,0,4000.22,0,2190,0.0
VCA-0280,Kenya,D-KE-01,2026-baseline,CL-11,TEAM-5,man,70,secondary,2,48.5,1,3028.21,0,4595,0.0
VCA-0281,Uganda,D-UG-02,2026-baseline,CL-12,TEAM-6,another/prefer-not-to-say,44,post-secondary,1,41.0,0,4316.27,1,4434,2353.03
VCA-0282,Peru,D-PE-03,2026-baseline,CL-13,TEAM-1,woman,53,primary,2,46.2,0,6430.79,0,8503,0.0
VCA-0283,Kenya,D-KE-04,2026-baseline,CL-14,TEAM-2,man,57,secondary,0,49.6,1,2790.77,0,9333,0.0
VCA-0284,Uganda,D-UG-05,2026-baseline,CL-15,TEAM-3,another/prefer-not-to-say,45,post-secondary,1,5,1,1607.03,1,8019,462.27
VCA-0285,Peru,D-PE-06,2026-baseline,CL-16,TEAM-4,woman,50,primary,1,58.9,0,3570.7,0,3791,0.0
VCA-0286,Kenya,D-KE-07,2026-baseline,CL-17,TEAM-5,man,27,secondary,7,64.8,0,3892.45,1,5553,1973.93
VCA-0287,Uganda,D-UG-08,2026-baseline,CL-18,TEAM-6,another/prefer-not-to-say,68,post-secondary,1,34.9,1,4678.37,0,5026,0.0
VCA-0288,Peru,D-PE-01,2026-baseline,CL-19,TEAM-1,woman,71,primary,0,49.0,1,2128.54,0,5673,0.0
VCA-0289,Kenya,D-KE-02,2026-baseline,CL-20,TEAM-2,man,56,secondary,1,64.9,0,3576.45,1,4466,1958.54
VCA-0290,Uganda,D-UG-03,2026-baseline,CL-21,TEAM-3,another/prefer-not-to-say,55,post-secondary,3,33.6,1,4839.59,1,6221,1557.28
VCA-0291,Peru,D-PE-04,2026-baseline,CL-22,TEAM-4,woman,64,primary,8,91.9,0,5081.08,1,3605,2027.78
VCA-0292,Kenya,D-KE-05,2026-baseline,CL-23,TEAM-5,man,42,secondary,8,29.2,0,5557.22,1,1136,2312.75
VCA-0293,Uganda,D-UG-06,2026-baseline,CL-24,TEAM-6,another/prefer-not-to-say,48,post-secondary,1,22.2,1,2130.81,0,8696,0.0
VCA-0294,Peru,D-PE-07,2026-baseline,CL-25,TEAM-1,woman,61,primary,5,60.8,0,2530.97,0,8500,0.0
VCA-0295,Kenya,D-KE-08,2026-baseline,CL-26,TEAM-2,man,54,secondary,5,33.3,1,3816.24,0,1355,0.0
VCA-0296,Uganda,D-UG-01,2026-baseline,CL-27,TEAM-3,another/prefer-not-to-say,31,post-secondary,1,73.5,1,6097.37,1,3585,3460.31
VCA-0297,Peru,D-PE-02,2026-baseline,CL-28,TEAM-4,woman,51,primary,0,41.8,0,2092.26,0,5217,0.0
VCA-0298,Kenya,D-KE-03,2026-baseline,CL-29,TEAM-5,man,49,secondary,7,75.7,0,3663.98,1,5354,1335.41
VCA-0299,Uganda,D-UG-04,2026-baseline,CL-30,TEAM-6,another/prefer-not-to-say,72,post-secondary,8,34.2,1,3130.11,1,4242,1905.48
VCA-0300,Peru,D-PE-05,2026-baseline,CL-01,TEAM-1,woman,21,primary,2,55.0,1,1012.13,1,9921,363.34
VCA-0301,Kenya,D-KE-06,2026-baseline,CL-02,TEAM-2,man,34,secondary,7,55.0,0,2834.99,1,2280,1749.19
VCA-0302,Uganda,D-UG-07,2026-baseline,CL-03,TEAM-3,another/prefer-not-to-say,36,post-secondary,8,67.1,1,2978.59,1,3071,1669.23
VCA-0303,Peru,D-PE-08,2026-baseline,CL-04,TEAM-4,woman,36,primary,7,38.6,0,2742.24,1,3598,1349.85
VCA-0304,Kenya,D-KE-01,2026-baseline,CL-05,TEAM-5,man,68,secondary,3,91.7,0,2026.13,1,6645,788.94
VCA-0305,Uganda,D-UG-02,2026-baseline,CL-06,TEAM-6,another/prefer-not-to-say,30,post-secondary,4,32.2,1,5637.99,1,9842,3018.65
VCA-0306,Peru,D-PE-03,2026-baseline,CL-07,TEAM-1,woman,61,primary,5,56.2,0,1934.13,1,6371,735.23
VCA-0307,Kenya,D-KE-04,2026-baseline,CL-08,TEAM-2,man,21,secondary,6,69.9,1,1643.42,1,2296,932.93
VCA-0308,Uganda,D-UG-05,2026-baseline,CL-09,TEAM-3,another/prefer-not-to-say,37,post-secondary,7,98.6,1,4372.98,1,7234,1395.44
VCA-0309,Peru,D-PE-06,2026-baseline,CL-10,TEAM-4,woman,40,primary,3,5,0,4631.17,0,5021,0.0
VCA-0310,Kenya,D-KE-07,2026-baseline,CL-11,TEAM-5,man,47,secondary,1,66.7,1,5162.91,1,3913,3011.82
VCA-0311,Uganda,D-UG-08,2026-baseline,CL-12,TEAM-6,another/prefer-not-to-say,62,post-secondary,5,38.5,0,3336.5,1,8334,1922.28
VCA-0312,Peru,D-PE-01,2026-baseline,CL-13,TEAM-1,woman,54,primary,0,21.3,1,9589.34,0,9165,0.0
VCA-0313,Kenya,D-KE-02,2026-baseline,CL-14,TEAM-2,man,49,secondary,8,51.5,1,4376.63,1,3488,1242.93
VCA-0314,Uganda,D-UG-03,2026-baseline,CL-15,TEAM-3,another/prefer-not-to-say,25,post-secondary,1,32.2,1,4659.08,1,9424,2411.67
VCA-0315,Peru,D-PE-04,2026-baseline,CL-16,TEAM-4,woman,49,primary,5,51.1,0,3041.72,0,8769,0.0
VCA-0316,Kenya,D-KE-05,2026-baseline,CL-17,TEAM-5,man,20,secondary,3,63.0,0,3795.65,1,9661,1101.88
VCA-0317,Uganda,D-UG-06,2026-baseline,CL-18,TEAM-6,another/prefer-not-to-say,35,post-secondary,7,67.2,1,3285.5,1,4633,937.97
VCA-0318,Peru,D-PE-07,2026-baseline,CL-19,TEAM-1,woman,29,primary,0,72.4,0,5177.57,0,4199,0.0
VCA-0319,Kenya,D-KE-08,2026-baseline,CL-20,TEAM-2,man,46,secondary,3,68.8,0,5518.3,0,3961,0.0
VCA-0320,Uganda,D-UG-01,2026-baseline,CL-21,TEAM-3,another/prefer-not-to-say,23,post-secondary,0,95.6,1,2337.24,1,1747,746.76
VCA-0321,Peru,D-PE-02,2026-baseline,CL-22,TEAM-4,woman,59,primary,8,48.2,0,1688.07,0,8501,0.0
VCA-0322,Kenya,D-KE-03,2026-baseline,CL-23,TEAM-5,man,71,secondary,6,95.0,1,4908.85,1,4302,2467.97
VCA-0323,Uganda,D-UG-04,2026-baseline,CL-24,TEAM-6,another/prefer-not-to-say,51,post-secondary,1,66.8,1,2324.76,1,8397,1297.76
VCA-0324,Peru,D-PE-05,2026-baseline,CL-25,TEAM-1,woman,55,primary,2,55.0,0,2879.04,0,1515,0.0
VCA-0325,Kenya,D-KE-06,2026-baseline,CL-26,TEAM-2,man,32,secondary,1,28.9,1,4995.16,0,9939,0.0
VCA-0326,Uganda,D-UG-07,2026-baseline,CL-27,TEAM-3,another/prefer-not-to-say,26,post-secondary,1,74.4,0,2143.63,1,5172,699.21
VCA-0327,Peru,D-PE-08,2026-baseline,CL-28,TEAM-4,woman,35,primary,0,35.8,0,4356.32,0,1504,0.0
VCA-0328,Kenya,D-KE-01,2026-baseline,CL-29,TEAM-5,man,36,secondary,3,27.5,1,2607.9,1,1143,1223.86
VCA-0329,Uganda,D-UG-02,2026-baseline,CL-30,TEAM-6,another/prefer-not-to-say,31,post-secondary,3,61.8,1,1356.75,1,3221,410.78
VCA-0330,Peru,D-PE-03,2026-baseline,CL-01,TEAM-1,woman,33,primary,7,52.4,0,8781.07,1,9720,3618.0
VCA-0331,Kenya,D-KE-04,2026-baseline,CL-02,TEAM-2,man,34,secondary,1,50.2,0,5608.25,0,7689,0.0
VCA-0332,Uganda,D-UG-05,2026-baseline,CL-03,TEAM-3,another/prefer-not-to-say,45,post-secondary,2,74.2,1,3439.24,0,2475,0.0
VCA-0333,Peru,D-PE-06,2026-baseline,CL-04,TEAM-4,woman,36,primary,4,68.2,0,2334.61,0,5383,0.0
VCA-0334,Kenya,D-KE-07,2026-baseline,CL-05,TEAM-5,man,48,secondary,6,56.7,0,6973.19,1,1833,3141.7
VCA-0335,Uganda,D-UG-08,2026-baseline,CL-06,TEAM-6,another/prefer-not-to-say,65,post-secondary,1,78.7,1,11714.92,1,1620,5939.1
VCA-0336,Peru,D-PE-01,2026-baseline,CL-07,TEAM-1,woman,40,primary,8,20.6,0,4704.34,1,2534,1915.11
VCA-0337,Kenya,D-KE-02,2026-baseline,CL-08,TEAM-2,man,57,secondary,1,75.1,0,3272.04,1,6466,1037.9
VCA-0338,Uganda,D-UG-03,2026-baseline,CL-09,TEAM-3,another/prefer-not-to-say,48,post-secondary,5,41.7,1,2583.75,1,5117,915.4
VCA-0339,Peru,D-PE-04,2026-baseline,CL-10,TEAM-4,woman,29,primary,7,43.1,0,1484.3,1,5290,642.87
VCA-0340,Kenya,D-KE-05,2026-baseline,CL-11,TEAM-5,man,45,secondary,2,66.4,0,2488.18,1,6528,914.13
VCA-0341,Uganda,D-UG-06,2026-baseline,CL-12,TEAM-6,another/prefer-not-to-say,32,post-secondary,8,77.0,0,4185.53,1,1510,1788.47
VCA-0342,Peru,D-PE-07,2026-baseline,CL-13,TEAM-1,woman,55,primary,4,57.0,0,2863.78,1,8028,1681.83
VCA-0343,Kenya,D-KE-08,2026-baseline,CL-14,TEAM-2,man,41,secondary,4,55.0,0,7669.6,0,4220,0.0
VCA-0344,Uganda,D-UG-01,2026-baseline,CL-15,TEAM-3,another/prefer-not-to-say,42,post-secondary,5,62.8,1,7420.65,1,2299,3651.12
VCA-0345,Peru,D-PE-02,2026-baseline,CL-16,TEAM-4,woman,58,primary,8,91.2,0,2080.75,1,1204,966.49
VCA-0346,Kenya,D-KE-03,2026-baseline,CL-17,TEAM-5,man,57,secondary,0,67.4,0,2771.61,0,3473,0.0
VCA-0347,Uganda,D-UG-04,2026-baseline,CL-18,TEAM-6,another/prefer-not-to-say,30,post-secondary,8,79.0,1,6556.38,1,9767,3741.73
VCA-0348,Peru,D-PE-05,2026-baseline,CL-19,TEAM-1,woman,53,primary,7,62.2,0,6097.25,0,4627,0.0
VCA-0349,Kenya,D-KE-06,2026-baseline,CL-20,TEAM-2,man,42,secondary,6,47.8,1,2636.1,0,4013,0.0
VCA-0350,Uganda,D-UG-07,2026-baseline,CL-21,TEAM-3,another/prefer-not-to-say,53,post-secondary,3,64.0,1,5226.4,1,7366,1769.49
VCA-0351,Peru,D-PE-08,2026-baseline,CL-22,TEAM-4,woman,43,primary,1,42.3,0,3544.91,1,5051,2161.92
VCA-0352,Kenya,D-KE-01,2026-baseline,CL-23,TEAM-5,man,70,secondary,0,42.8,1,3386.96,0,6993,0.0
VCA-0353,Uganda,D-UG-02,2026-baseline,CL-24,TEAM-6,another/prefer-not-to-say,36,post-secondary,3,67.5,1,5566.65,1,3779,3090.36
VCA-0354,Peru,D-PE-03,2026-baseline,CL-25,TEAM-1,woman,62,primary,7,49.6,0,5256.35,1,5754,3181.19
VCA-0355,Kenya,D-KE-04,2026-baseline,CL-26,TEAM-2,man,23,secondary,6,64.1,1,3955.08,1,8560,1515.09
VCA-0356,Uganda,D-UG-05,2026-baseline,CL-27,TEAM-3,another/prefer-not-to-say,57,post-secondary,2,46.8,1,6600.3,0,8453,0.0
VCA-0357,Peru,D-PE-06,2026-baseline,CL-28,TEAM-4,woman,30,primary,8,74.1,0,9803.56,1,6603,5662.93
VCA-0358,Kenya,D-KE-07,2026-baseline,CL-29,TEAM-5,man,67,secondary,5,34.5,1,3918.2,1,3216,1765.34
VCA-0359,Uganda,D-UG-08,2026-baseline,CL-30,TEAM-6,another/prefer-not-to-say,45,post-secondary,1,45.2,1,3409.32,1,3850,2094.08
VCA-0360,Peru,D-PE-01,2026-baseline,CL-01,TEAM-1,woman,36,primary,2,32.3,1,1483.55,0,3570,0.0
VCA-0361,Kenya,D-KE-02,2026-baseline,CL-02,TEAM-2,man,27,secondary,5,58.9,1,1442.8,0,4272,0.0
VCA-0362,Uganda,D-UG-03,2026-baseline,CL-03,TEAM-3,another/prefer-not-to-say,41,post-secondary,3,52.6,1,2627.15,1,8135,1130.45
VCA-0363,Peru,D-PE-04,2026-baseline,CL-04,TEAM-4,woman,34,primary,7,44.4,1,4259.48,1,8916,2461.49
VCA-0364,Kenya,D-KE-05,2026-baseline,CL-05,TEAM-5,man,51,secondary,5,18.2,0,3415.76,1,7609,1993.95
VCA-0365,Uganda,D-UG-06,2026-baseline,CL-06,TEAM-6,another/prefer-not-to-say,41,post-secondary,3,10.5,1,3355.79,1,3428,1392.03
VCA-0366,Peru,D-PE-07,2026-baseline,CL-07,TEAM-1,woman,55,primary,1,23.1,0,8235.55,0,4556,0.0
VCA-0367,Kenya,D-KE-08,2026-baseline,CL-08,TEAM-2,man,22,secondary,6,70.2,1,2114.04,1,5256,877.14
VCA-0368,Uganda,D-UG-01,2026-baseline,CL-09,TEAM-3,another/prefer-not-to-say,30,post-secondary,2,72.4,1,5708.99,1,5410,2053.44
VCA-0369,Peru,D-PE-02,2026-baseline,CL-10,TEAM-4,woman,56,primary,3,62.0,0,3831.16,0,3658,0.0
VCA-0370,Kenya,D-KE-03,2026-baseline,CL-11,TEAM-5,man,56,secondary,1,42.9,0,2021.12,1,2614,632.39
VCA-0371,Uganda,D-UG-04,2026-baseline,CL-12,TEAM-6,another/prefer-not-to-say,54,post-secondary,3,76.5,1,2975.82,1,4243,1012.46
VCA-0372,Peru,D-PE-05,2026-baseline,CL-13,TEAM-1,woman,23,primary,2,39.6,0,3766.27,0,9897,0.0
VCA-0373,Kenya,D-KE-06,2026-baseline,CL-14,TEAM-2,man,63,secondary,4,67.4,0,4566.02,1,9355,1568.91
VCA-0374,Uganda,D-UG-07,2026-baseline,CL-15,TEAM-3,another/prefer-not-to-say,42,post-secondary,7,76.5,1,3318.55,1,2713,1464.52
VCA-0375,Peru,D-PE-08,2026-baseline,CL-16,TEAM-4,woman,24,primary,0,90.8,0,4755.89,1,8818,1880.25
VCA-0376,Kenya,D-KE-01,2026-baseline,CL-17,TEAM-5,man,43,secondary,3,45.1,0,8067.5,0,3358,0.0
VCA-0377,Uganda,D-UG-02,2026-baseline,CL-18,TEAM-6,another/prefer-not-to-say,36,post-secondary,8,24.1,1,2412.87,1,1896,753.76
VCA-0378,Peru,D-PE-03,2026-baseline,CL-19,TEAM-1,woman,23,primary,4,62.8,0,1617.76,0,4409,0.0
VCA-0379,Kenya,D-KE-04,2026-baseline,CL-20,TEAM-2,man,58,secondary,7,97.1,0,5137.82,1,7193,2569.64
VCA-0380,Uganda,D-UG-05,2026-baseline,CL-21,TEAM-3,another/prefer-not-to-say,66,post-secondary,7,49.8,1,2393.5,1,5974,701.67
VCA-0381,Peru,D-PE-06,2026-baseline,CL-22,TEAM-4,woman,28,primary,6,62.0,0,5793.05,0,5299,0.0
VCA-0382,Kenya,D-KE-07,2026-baseline,CL-23,TEAM-5,man,54,secondary,3,59.4,1,6058.13,1,5594,2781.83
VCA-0383,Uganda,D-UG-08,2026-baseline,CL-24,TEAM-6,another/prefer-not-to-say,60,post-secondary,0,13.0,1,2873.97,0,6863,0.0
VCA-0384,Peru,D-PE-01,2026-baseline,CL-25,TEAM-1,woman,61,primary,3,66.5,0,3785.75,0,4235,0.0
VCA-0385,Kenya,D-KE-02,2026-baseline,CL-26,TEAM-2,man,55,secondary,7,87.5,1,4866.33,1,7996,2765.44
VCA-0386,Uganda,D-UG-03,2026-baseline,CL-27,TEAM-3,another/prefer-not-to-say,23,post-secondary,3,62.8,1,7687.6,0,3471,0.0
VCA-0387,Peru,D-PE-04,2026-baseline,CL-28,TEAM-4,woman,38,primary,8,66.7,0,2186.95,1,7848,1092.88
VCA-0388,Kenya,D-KE-05,2026-baseline,CL-29,TEAM-5,man,26,secondary,8,75.3,0,5609.77,1,4248,1808.59
VCA-0389,Uganda,D-UG-06,2026-baseline,CL-30,TEAM-6,another/prefer-not-to-say,53,post-secondary,4,35.7,1,5440.97,0,8644,0.0
VCA-0390,Peru,D-PE-07,2026-baseline,CL-01,TEAM-1,woman,48,primary,2,88.4,0,3337.5,1,9364,1949.49
VCA-0391,Kenya,D-KE-08,2026-baseline,CL-02,TEAM-2,man,45,secondary,1,63.8,1,1972.27,1,4394,715.63
VCA-0392,Uganda,D-UG-01,2026-baseline,CL-03,TEAM-3,another/prefer-not-to-say,35,post-secondary,2,57.6,1,3556.27,1,7840,1520.43
VCA-0393,Peru,D-PE-02,2026-baseline,CL-04,TEAM-4,woman,41,primary,0,32.3,0,1990.03,0,4794,0.0
VCA-0394,Kenya,D-KE-03,2026-baseline,CL-05,TEAM-5,man,49,secondary,4,13.3,0,3161.59,0,7682,0.0
VCA-0395,Uganda,D-UG-04,2026-baseline,CL-06,TEAM-6,another/prefer-not-to-say,67,post-secondary,2,66.6,1,4843.76,1,2382,2295.31
VCA-0396,Peru,D-PE-05,2026-baseline,CL-07,TEAM-1,woman,54,primary,4,43.9,0,1178.87,0,9351,0.0
VCA-0397,Kenya,D-KE-06,2026-baseline,CL-08,TEAM-2,man,42,secondary,3,73.7,0,4261.45,1,7242,2546.32
VCA-0398,Uganda,D-UG-07,2026-baseline,CL-09,TEAM-3,another/prefer-not-to-say,60,post-secondary,8,56.7,1,4047.92,1,1279,1789.52
VCA-0399,Peru,D-PE-08,2026-baseline,CL-10,TEAM-4,woman,36,primary,7,80.6,0,3831.03,1,9839,1868.71
VCA-0400,Kenya,D-KE-01,2026-baseline,CL-11,TEAM-5,man,60,secondary,2,18.1,0,3251.77,0,1500,0.0
VCA-0401,Uganda,D-UG-02,2026-baseline,CL-12,TEAM-6,another/prefer-not-to-say,20,post-secondary,6,66.1,0,6223.82,1,2953,2077.66
VCA-0402,Peru,D-PE-03,2026-baseline,CL-13,TEAM-1,woman,23,primary,8,69.4,0,4640.91,1,7556,2168.76
VCA-0403,Kenya,D-KE-04,2026-baseline,CL-14,TEAM-2,man,49,secondary,7,48.5,0,10277.72,1,1309,5544.8
VCA-0404,Uganda,D-UG-05,2026-baseline,CL-15,TEAM-3,another/prefer-not-to-say,37,post-secondary,3,42.2,1,2469.63,1,2415,758.9
VCA-0405,Peru,D-PE-06,2026-baseline,CL-16,TEAM-4,woman,23,primary,6,50.8,0,2885.67,1,9873,1511.93
VCA-0406,Kenya,D-KE-07,2026-baseline,CL-17,TEAM-5,man,46,secondary,5,30.2,0,2861.97,1,9570,1315.95
VCA-0407,Uganda,D-UG-08,2026-baseline,CL-18,TEAM-6,another/prefer-not-to-say,59,post-secondary,2,24.7,1,6652.68,0,1313,0.0
VCA-0408,Peru,D-PE-01,2026-baseline,CL-19,TEAM-1,woman,27,primary,5,66.6,0,7160.82,1,3165,4253.46
VCA-0409,Kenya,D-KE-02,2026-baseline,CL-20,TEAM-2,man,45,secondary,1,21.9,0,1657.09,0,4364,0.0
VCA-0410,Uganda,D-UG-03,2026-baseline,CL-21,TEAM-3,another/prefer-not-to-say,41,post-secondary,2,21.6,1,2950.57,1,8611,1319.42
VCA-0411,Peru,D-PE-04,2026-baseline,CL-22,TEAM-4,woman,69,primary,4,67.9,0,4879.83,1,4398,2860.13
VCA-0412,Kenya,D-KE-05,2026-baseline,CL-23,TEAM-5,man,52,secondary,7,62.2,1,5368.64,0,9648,0.0
VCA-0413,Uganda,D-UG-06,2026-baseline,CL-24,TEAM-6,another/prefer-not-to-say,42,post-secondary,4,52.6,0,3640.72,1,5069,1423.75
VCA-0414,Peru,D-PE-07,2026-baseline,CL-25,TEAM-1,woman,54,primary,3,68.6,0,6376.35,1,6136,3465.3
VCA-0415,Kenya,D-KE-08,2026-baseline,CL-26,TEAM-2,man,23,secondary,3,27.6,0,3935.28,1,4423,1446.51
VCA-0416,Uganda,D-UG-01,2026-baseline,CL-27,TEAM-3,another/prefer-not-to-say,31,post-secondary,6,56.8,1,4545.19,1,9889,1998.38
VCA-0417,Peru,D-PE-02,2026-baseline,CL-28,TEAM-4,woman,50,primary,5,35.0,0,7002.48,1,3417,3809.45
VCA-0418,Kenya,D-KE-03,2026-baseline,CL-29,TEAM-5,man,55,secondary,5,59.3,0,1537.11,1,7576,522.85
VCA-0419,Uganda,D-UG-04,2026-baseline,CL-30,TEAM-6,another/prefer-not-to-say,49,post-secondary,8,35.0,1,5821.33,1,4817,1807.17
VCA-0420,Peru,D-PE-05,2026-baseline,CL-01,TEAM-1,woman,39,primary,4,80.5,1,6859.18,1,8354,3117.33
VCA-0421,Kenya,D-KE-06,2026-baseline,CL-02,TEAM-2,man,34,secondary,2,54.6,1,2995.29,0,8179,0.0
VCA-0422,Uganda,D-UG-07,2026-baseline,CL-03,TEAM-3,another/prefer-not-to-say,61,post-secondary,4,97.3,1,7098.95,1,5092,2840.14
VCA-0423,Peru,D-PE-08,2026-baseline,CL-04,TEAM-4,woman,19,primary,8,36.2,0,3120.74,1,4321,970.85
VCA-0424,Kenya,D-KE-01,2026-baseline,CL-05,TEAM-5,man,44,secondary,2,66.5,1,9189.61,1,6412,2618.04
VCA-0425,Uganda,D-UG-02,2026-baseline,CL-06,TEAM-6,another/prefer-not-to-say,72,post-secondary,2,77.7,1,2555.15,1,9189,1558.93
VCA-0426,Peru,D-PE-03,2026-baseline,CL-07,TEAM-1,woman,39,primary,4,34.8,0,5026.03,1,1171,1831.46
VCA-0427,Kenya,D-KE-04,2026-baseline,CL-08,TEAM-2,man,61,secondary,0,54.8,1,1951.0,0,5145,0.0
VCA-0428,Uganda,D-UG-05,2026-baseline,CL-09,TEAM-3,another/prefer-not-to-say,28,post-secondary,7,49.9,1,4466.86,1,1412,1571.8
VCA-0429,Peru,D-PE-06,2026-baseline,CL-10,TEAM-4,woman,71,primary,0,66.5,0,7103.75,0,2391,0.0
VCA-0430,Kenya,D-KE-07,2026-baseline,CL-11,TEAM-5,man,41,secondary,0,87.1,0,6026.32,1,5784,1961.92
VCA-0431,Uganda,D-UG-08,2026-baseline,CL-12,TEAM-6,another/prefer-not-to-say,70,post-secondary,7,58.3,1,5288.91,1,3443,2840.95
VCA-0432,Peru,D-PE-01,2026-baseline,CL-13,TEAM-1,woman,57,primary,6,31.3,0,5728.13,0,9807,0.0
VCA-0433,Kenya,D-KE-02,2026-baseline,CL-14,TEAM-2,man,54,secondary,0,16.6,0,1462.35,0,2753,0.0
VCA-0434,Uganda,D-UG-03,2026-baseline,CL-15,TEAM-3,another/prefer-not-to-say,19,post-secondary,7,51.9,1,3610.33,1,4039,1207.32
VCA-0435,Peru,D-PE-04,2026-baseline,CL-16,TEAM-4,woman,45,primary,7,47.1,0,3961.99,1,6252,2034.04
VCA-0436,Kenya,D-KE-05,2026-baseline,CL-17,TEAM-5,man,59,secondary,8,64.0,0,2323.43,1,1609,1227.29
VCA-0437,Uganda,D-UG-06,2026-baseline,CL-18,TEAM-6,another/prefer-not-to-say,19,post-secondary,0,71.9,1,2585.08,1,4781,1309.39
VCA-0438,Peru,D-PE-07,2026-baseline,CL-19,TEAM-1,woman,24,primary,8,39.3,0,1496.58,0,4836,0.0
VCA-0439,Kenya,D-KE-08,2026-baseline,CL-20,TEAM-2,man,63,secondary,7,68.9,0,4074.0,1,5248,1629.4
VCA-0440,Uganda,D-UG-01,2026-baseline,CL-21,TEAM-3,another/prefer-not-to-say,22,post-secondary,3,62.4,1,3858.37,1,1118,1103.22
VCA-0441,Peru,D-PE-02,2026-baseline,CL-22,TEAM-4,woman,33,primary,5,61.1,0,4232.37,0,7948,0.0
VCA-0442,Kenya,D-KE-03,2026-baseline,CL-23,TEAM-5,man,72,secondary,6,15.9,0,1614.95,0,7712,0.0
VCA-0443,Uganda,D-UG-04,2026-baseline,CL-24,TEAM-6,another/prefer-not-to-say,31,post-secondary,3,53.7,1,3294.71,1,5361,1910.69
VCA-0444,Peru,D-PE-05,2026-baseline,CL-25,TEAM-1,woman,21,primary,6,67.2,0,4472.03,0,5392,0.0
VCA-0445,Kenya,D-KE-06,2026-baseline,CL-26,TEAM-2,man,34,secondary,7,33.9,1,1830.46,1,6026,672.77
VCA-0446,Uganda,D-UG-07,2026-baseline,CL-27,TEAM-3,another/prefer-not-to-say,20,post-secondary,5,30.3,1,8999.66,0,2180,0.0
VCA-0447,Peru,D-PE-08,2026-baseline,CL-28,TEAM-4,woman,65,primary,3,45.3,1,2116.8,0,2019,0.0
VCA-0448,Kenya,D-KE-01,2026-baseline,CL-29,TEAM-5,man,60,secondary,8,32.2,1,4522.92,1,4512,2753.97
VCA-0449,Uganda,D-UG-02,2026-baseline,CL-30,TEAM-6,another/prefer-not-to-say,22,post-secondary,6,70.9,1,2021.7,1,9591,889.45
VCA-0450,Peru,D-PE-03,2026-baseline,CL-01,TEAM-1,woman,39,primary,4,29.9,0,5638.18,0,2323,0.0
