record_id,lot_id,country_site,crop,season,producer_scale,inspection_round,multiplication_cycle,virus_incidence_pct,training_visits,inspection_fee_usd,lot_weight_kg,marketable_seed_pct,rejection_pct,bag_label_number,marketable_seed_fraction
SSQ-0001,LOT-SYN-00001,Kenya-Nakuru,potato,2025-B,medium,2,2,4.37,6,32.53,636.0,92.18,7.82,1817,0.9218
SSQ-0002,LOT-SYN-00002,Uganda-Kabale,potato,2025-A,commercial,3,3,3.55,1,22.71,385.9,83.38,16.62,5312,0.8338
SSQ-0003,LOT-SYN-00003,India-Karnataka,sweetpotato,2025-B,small,1,4,3.53,6,45.0,514.8,94.6,5.4,3245,0.946
SSQ-0004,LOT-SYN-00004,Peru-Cusco,potato,2025-A,medium,2,5,11.17,3,19.95,547.6,68.82,31.18,6116,0.6882
SSQ-0005,LOT-SYN-00005,Kenya-Nakuru,potato,2025-B,commercial,3,1,6.33,7,29.9,384.1,92.48,7.52,3053,0.9248
SSQ-0006,LOT-SYN-00006,Uganda-Kabale,sweetpotato,2025-A,small,1,2,6.11,6,27.34,293.0,86.28,13.72,6974,0.8628
SSQ-0007,LOT-SYN-00007,India-Karnataka,potato,2025-B,medium,2,3,16.44,4,36.53,615.8,75.22,24.78,9469,0.7522
SSQ-0008,LOT-SYN-00008,Peru-Cusco,potato,2025-A,commercial,3,4,11.46,1,24.38,645.9,65.53,34.47,2131,0.6553
SSQ-0009,LOT-SYN-00009,Kenya-Nakuru,sweetpotato,2025-B,small,1,5,4.57,3,32.71,545.2,92.93,7.07,5339,0.9293
SSQ-0010,LOT-SYN-00010,Uganda-Kabale,potato,2025-A,medium,2,1,12.29,6,27.83,873.3,80.7,19.3,8180,0.807
SSQ-0011,LOT-SYN-00011,India-Karnataka,potato,2025-B,commercial,3,2,11.11,1,39.74,642.1,85.03,14.97,1831,0.8503
SSQ-0012,LOT-SYN-00012,Peru-Cusco,sweetpotato,2025-A,small,1,3,9.6,4,15.85,422.0,77.45,22.55,8722,0.7745
SSQ-0013,LOT-SYN-00013,Kenya-Nakuru,potato,2025-B,medium,2,4,17.51,2,41.63,623.1,65.49,34.51,2821,0.6549
SSQ-0014,LOT-SYN-00014,Uganda-Kabale,potato,2025-A,commercial,3,5,16.41,4,25.9,505.0,70.72,29.28,5269,0.7072
SSQ-0015,LOT-SYN-00015,India-Karnataka,sweetpotato,2025-B,small,1,1,10.31,2,38.71,190.3,81.24,18.76,9204,0.8124
SSQ-0016,LOT-SYN-00016,Peru-Cusco,potato,2025-A,medium,2,2,9.9,1,20.59,598.6,72.06,27.94,1528,0.7206
SSQ-0017,LOT-SYN-00017,Kenya-Nakuru,potato,2025-B,commercial,3,3,9.35,2,34.99,419.1,81.98,18.02,6041,0.8198
SSQ-0018,LOT-SYN-00018,Uganda-Kabale,sweetpotato,2025-A,small,1,4,4.62,7,25.0,167.2,93.66,6.34,9012,0.9366
SSQ-0019,LOT-SYN-00019,India-Karnataka,potato,2025-B,medium,2,5,9.45,3,43.77,629.1,89.51,10.49,6993,0.8951
SSQ-0020,LOT-SYN-00020,Peru-Cusco,potato,2025-A,commercial,3,1,13.8,6,17.76,571.7,72.83,27.17,3715,0.7283
SSQ-0021,LOT-SYN-00021,Kenya-Nakuru,sweetpotato,2025-B,small,1,2,16.0,3,36.97,536.0,74.78,25.22,1238,0.7478
SSQ-0022,LOT-SYN-00022,Uganda-Kabale,potato,2025-A,medium,2,3,17.02,6,25.1,843.3,75.76,24.24,6117,0.7576
SSQ-0023,LOT-SYN-00023,India-Karnataka,potato,2025-B,commercial,3,4,9.98,1,39.28,419.1,90.12,9.88,7549,0.9012
SSQ-0024,LOT-SYN-00024,Peru-Cusco,sweetpotato,2025-A,small,1,5,1.61,1,17.68,281.3,84.01,15.99,7770,0.8401
SSQ-0025,LOT-SYN-00025,Kenya-Nakuru,potato,2025-B,medium,2,1,9.3,5,33.7,751.8,88.16,11.84,5681,0.8816
SSQ-0026,LOT-SYN-00026,Uganda-Kabale,potato,2025-A,commercial,3,2,12.42,4,31.05,451.9,74.15,25.85,4512,0.7415
SSQ-0027,LOT-SYN-00027,India-Karnataka,sweetpotato,2025-B,small,1,3,15.78,1,46.35,382.7,82.62,17.38,4903,0.8262
SSQ-0028,LOT-SYN-00028,Peru-Cusco,potato,2025-A,medium,2,4,3.23,1,17.76,602.3,82.79,17.21,9124,0.8279
SSQ-0029,LOT-SYN-00029,Kenya-Nakuru,potato,2025-B,commercial,3,5,13.42,5,29.99,635.7,75.99,24.01,3010,0.7599
SSQ-0030,LOT-SYN-00030,Uganda-Kabale,sweetpotato,2025-A,small,1,1,12.28,3,30.17,316.6,79.01,20.99,2437,0.7901
SSQ-0031,LOT-SYN-00031,India-Karnataka,potato,2025-B,medium,2,2,7.24,0,43.86,377.1,87.95,12.05,2643,0.8795
SSQ-0032,LOT-SYN-00032,Peru-Cusco,potato,2025-A,commercial,3,3,3.16,5,18.61,758.4,87.49,12.51,4635,0.8749
SSQ-0033,LOT-SYN-00033,Kenya-Nakuru,sweetpotato,2025-B,small,1,4,3.13,3,32.64,659.4,87.35,12.65,3436,0.8735
SSQ-0034,LOT-SYN-00034,Uganda-Kabale,potato,2025-A,medium,2,5,12.15,7,28.86,620.1,79.31,20.69,9024,0.7931
SSQ-0035,LOT-SYN-00035,India-Karnataka,potato,2025-B,commercial,3,1,8.02,7,40.27,718.6,91.84,8.16,3829,0.9184
SSQ-0036,LOT-SYN-00036,Peru-Cusco,sweetpotato,2025-A,small,1,2,5.17,3,16.73,530.0,86.54,13.46,1863,0.8654
SSQ-0037,LOT-SYN-00037,Kenya-Nakuru,potato,2025-B,medium,2,3,9.71,2,32.09,448.2,84.9,15.1,4077,0.849
SSQ-0038,LOT-SYN-00038,Uganda-Kabale,potato,2025-A,commercial,3,4,8.62,0,33.01,578.9,77.78,22.22,3605,0.7778
SSQ-0039,LOT-SYN-00039,India-Karnataka,sweetpotato,2025-B,small,1,5,1.35,7,38.74,570.6,98.43,1.57,3186,0.9843
SSQ-0040,LOT-SYN-00040,Peru-Cusco,potato,2025-A,medium,2,1,3.95,3,19.71,915.8,82.96,17.04,7800,0.8296
SSQ-0041,LOT-SYN-00041,Kenya-Nakuru,potato,2025-B,commercial,3,2,8.21,2,34.37,684.1,87.69,12.31,8508,0.8769
SSQ-0042,LOT-SYN-00042,Uganda-Kabale,sweetpotato,2025-A,small,1,3,0.77,4,30.18,509.6,94.8,5.2,2845,0.948
SSQ-0043,LOT-SYN-00043,India-Karnataka,potato,2025-B,medium,2,4,0.66,7,38.68,437.0,100,0,3503,1.0
SSQ-0044,LOT-SYN-00044,Peru-Cusco,potato,2025-A,commercial,3,5,10.14,7,21.62,528.6,72.76,27.24,6804,0.7276
SSQ-0045,LOT-SYN-00045,Kenya-Nakuru,sweetpotato,2025-B,small,1,1,9.43,5,32.87,390.5,88.83,11.17,7530,0.8883
SSQ-0046,LOT-SYN-00046,Uganda-Kabale,potato,2025-A,medium,2,2,2.45,5,22.08,587.7,93.68,6.32,3497,0.9368
SSQ-0047,LOT-SYN-00047,India-Karnataka,potato,2025-B,commercial,3,3,7.51,1,45.27,476.9,84.02,15.98,7680,0.8402
SSQ-0048,LOT-SYN-00048,Peru-Cusco,sweetpotato,2025-A,small,1,4,13.68,3,21.57,550.8,67.08,32.92,2602,0.6708
SSQ-0049,LOT-SYN-00049,Kenya-Nakuru,potato,2025-B,medium,2,5,13.74,7,38.43,543.7,80.0,20.0,9935,0.8
SSQ-0050,LOT-SYN-00050,Uganda-Kabale,potato,2025-A,commercial,3,1,9.92,0,26.88,664.9,65.84,34.16,1922,0.6584
SSQ-0051,LOT-SYN-00051,India-Karnataka,sweetpotato,2025-B,small,1,2,10.31,4,41.56,331.9,86.82,13.18,7885,0.8682
SSQ-0052,LOT-SYN-00052,Peru-Cusco,potato,2025-A,medium,2,3,12.76,5,15.26,862.4,69.3,30.7,6582,0.693
SSQ-0053,LOT-SYN-00053,Kenya-Nakuru,potato,2025-B,commercial,3,4,7.36,4,32.49,729.2,84.93,15.07,4169,0.8493
SSQ-0054,LOT-SYN-00054,Uganda-Kabale,sweetpotato,2025-A,small,1,5,7.89,0,24.34,229.6,72.39,27.61,9957,0.7239
SSQ-0055,LOT-SYN-00055,India-Karnataka,potato,2025-B,medium,2,1,2.47,5,42.43,761.0,100,0,9235,1.0
SSQ-0056,LOT-SYN-00056,Peru-Cusco,potato,2025-A,commercial,3,2,8.4,2,19.28,427.7,65.26,34.74,2905,0.6526
SSQ-0057,LOT-SYN-00057,Kenya-Nakuru,sweetpotato,2025-B,small,1,3,14.23,1,30.65,341.1,74.38,25.62,5236,0.7438
SSQ-0058,LOT-SYN-00058,Uganda-Kabale,potato,2025-A,medium,2,4,10.05,2,32.63,523.2,77.71,22.29,9658,0.7771
SSQ-0059,LOT-SYN-00059,India-Karnataka,potato,2025-B,commercial,3,5,7.17,4,47.89,624.3,85.98,14.02,3498,0.8598
SSQ-0060,LOT-SYN-00060,Peru-Cusco,sweetpotato,2025-A,small,1,1,7.76,1,20.89,389.1,73.55,26.45,7976,0.7355
SSQ-0061,LOT-SYN-00061,Kenya-Nakuru,potato,2025-B,medium,2,2,1.48,1,33.74,842.3,86.41,13.59,6378,0.8641
SSQ-0062,LOT-SYN-00062,Uganda-Kabale,potato,2025-A,commercial,3,3,4.99,7,26.17,685.2,94.42,5.58,5458,0.9442
SSQ-0063,LOT-SYN-00063,India-Karnataka,sweetpotato,2025-B,small,1,4,7.64,4,41.94,436.2,94.9,5.1,2833,0.949
SSQ-0064,LOT-SYN-00064,Peru-Cusco,potato,2025-A,medium,2,5,18.12,1,17.28,643.4,61.43,38.57,4525,0.6143
SSQ-0065,LOT-SYN-00065,Kenya-Nakuru,potato,2025-B,commercial,3,1,8.29,0,33.9,548.8,81.9,18.1,7417,0.819
SSQ-0066,LOT-SYN-00066,Uganda-Kabale,sweetpotato,2025-A,small,1,2,11.25,3,24.62,499.6,70.57,29.43,4408,0.7057
SSQ-0067,LOT-SYN-00067,India-Karnataka,potato,2025-B,medium,2,3,10.4,0,42.91,794.3,86.83,13.17,9119,0.8683
SSQ-0068,LOT-SYN-00068,Peru-Cusco,potato,2025-A,commercial,3,4,10.66,1,21.64,698.3,66.67,33.33,8788,0.6667
SSQ-0069,LOT-SYN-00069,Kenya-Nakuru,sweetpotato,2025-B,small,1,5,10.92,5,30.72,616.9,86.16,13.84,2365,0.8616
SSQ-0070,LOT-SYN-00070,Uganda-Kabale,potato,2025-A,medium,2,1,18.1,5,25.77,248.6,71.36,28.64,7414,0.7136
SSQ-0071,LOT-SYN-00071,India-Karnataka,potato,2025-B,commercial,3,2,5.8,3,44.08,291.4,98.02,1.98,9933,0.9802
SSQ-0072,LOT-SYN-00072,Peru-Cusco,sweetpotato,2025-A,small,1,3,19.62,5,13.73,428.9,58.07,41.93,6371,0.5807
SSQ-0073,LOT-SYN-00073,Kenya-Nakuru,potato,2025-B,medium,2,4,1.4,7,32.11,638.4,100,0,4304,1.0
SSQ-0074,LOT-SYN-00074,Uganda-Kabale,potato,2025-A,commercial,3,5,8.49,3,24.86,466.4,79.94,20.06,8454,0.7994
SSQ-0075,LOT-SYN-00075,India-Karnataka,sweetpotato,2025-B,small,1,1,10.51,7,47.89,727.9,94.02,5.98,4370,0.9402
SSQ-0076,LOT-SYN-00076,Peru-Cusco,potato,2025-A,medium,2,2,7.18,1,16.48,758.1,73.0,27.0,5577,0.73
SSQ-0077,LOT-SYN-00077,Kenya-Nakuru,potato,2025-B,commercial,3,3,11.85,1,33.56,421.7,77.06,22.94,1823,0.7706
SSQ-0078,LOT-SYN-00078,Uganda-Kabale,sweetpotato,2025-A,small,1,4,10.34,6,27.9,310.9,82.16,17.84,3714,0.8216
SSQ-0079,LOT-SYN-00079,India-Karnataka,potato,2025-B,medium,2,5,14.32,4,41.47,885.1,88.87,11.13,8995,0.8887
SSQ-0080,LOT-SYN-00080,Peru-Cusco,potato,2025-A,commercial,3,1,1.86,1,20.94,1047.0,78.24,21.76,7487,0.7824
SSQ-0081,LOT-SYN-00081,Kenya-Nakuru,sweetpotato,2025-B,small,1,2,8.8,6,35.34,393.4,83.63,16.37,9155,0.8363
SSQ-0082,LOT-SYN-00082,Uganda-Kabale,potato,2025-A,medium,2,3,13.48,7,27.34,640.2,81.8,18.2,7064,0.818
SSQ-0083,LOT-SYN-00083,India-Karnataka,potato,2025-B,commercial,3,4,3.5,6,40.38,769.3,100,0,8644,1.0
SSQ-0084,LOT-SYN-00084,Peru-Cusco,sweetpotato,2025-A,small,1,5,4.32,4,18.75,274.6,87.78,12.22,4631,0.8778
SSQ-0085,LOT-SYN-00085,Kenya-Nakuru,potato,2025-B,medium,2,1,6.79,6,34.81,469.0,87.78,12.22,9026,0.8778
SSQ-0086,LOT-SYN-00086,Uganda-Kabale,potato,2025-A,commercial,3,2,7.56,6,30.87,712.2,90.28,9.72,4427,0.9028
SSQ-0087,LOT-SYN-00087,India-Karnataka,sweetpotato,2025-B,small,1,3,9.32,0,34.38,406.9,88.2,11.8,2053,0.882
SSQ-0088,LOT-SYN-00088,Peru-Cusco,potato,2025-A,medium,2,4,10.01,1,17.31,560.9,67.81,32.19,3237,0.6781
SSQ-0089,LOT-SYN-00089,Kenya-Nakuru,potato,2025-B,commercial,3,5,12.53,0,31.58,476.4,77.23,22.77,1569,0.7723
SSQ-0090,LOT-SYN-00090,Uganda-Kabale,sweetpotato,2025-A,small,1,1,8.46,0,27.28,473.8,67.97,32.03,5098,0.6797
SSQ-0091,LOT-SYN-00091,India-Karnataka,potato,2025-B,medium,2,2,0,5,45.18,700.3,100,0,6333,1.0
SSQ-0092,LOT-SYN-00092,Peru-Cusco,potato,2025-A,commercial,3,3,0,6,15.34,654.2,97.27,2.73,7774,0.9727
SSQ-0093,LOT-SYN-00093,Kenya-Nakuru,sweetpotato,2025-B,small,1,4,10.97,5,35.39,360.7,81.13,18.87,7662,0.8113
SSQ-0094,LOT-SYN-00094,Uganda-Kabale,potato,2025-A,medium,2,5,10.74,3,28.79,473.1,74.88,25.12,8468,0.7488
SSQ-0095,LOT-SYN-00095,India-Karnataka,potato,2025-B,commercial,3,1,9.19,5,46.46,559.9,90.42,9.58,6575,0.9042
SSQ-0096,LOT-SYN-00096,Peru-Cusco,sweetpotato,2025-A,small,1,2,4.08,3,21.48,279.3,83.81,16.19,4302,0.8381
SSQ-0097,LOT-SYN-00097,Kenya-Nakuru,potato,2025-B,medium,2,3,6.17,2,32.88,538.7,89.56,10.44,2004,0.8956
SSQ-0098,LOT-SYN-00098,Uganda-Kabale,potato,2025-A,commercial,3,4,3.96,4,28.45,748.3,83.66,16.34,4625,0.8366
SSQ-0099,LOT-SYN-00099,India-Karnataka,sweetpotato,2025-B,small,1,5,2.35,3,43.35,384.1,100,0,6396,1.0
SSQ-0100,LOT-SYN-00100,Peru-Cusco,potato,2025-A,medium,2,1,0,2,14.64,420.8,81.45,18.55,6644,0.8145
SSQ-0101,LOT-SYN-00101,Kenya-Nakuru,potato,2025-B,commercial,3,2,7.25,1,39.34,695.1,87.51,12.49,7204,0.8751
SSQ-0102,LOT-SYN-00102,Uganda-Kabale,sweetpotato,2025-A,small,1,3,1.31,1,27.03,304.1,88.59,11.41,1490,0.8859
SSQ-0103,LOT-SYN-00103,India-Karnataka,potato,2025-B,medium,2,4,12.43,6,46.65,434.5,82.61,17.39,3348,0.8261
SSQ-0104,LOT-SYN-00104,Peru-Cusco,potato,2025-A,commercial,3,5,9.67,4,17.41,667.8,79.28,20.72,4563,0.7928
SSQ-0105,LOT-SYN-00105,Kenya-Nakuru,sweetpotato,2025-B,small,1,1,10.1,1,35.36,453.3,77.36,22.64,5973,0.7736
SSQ-0106,LOT-SYN-00106,Uganda-Kabale,potato,2025-A,medium,2,2,0,6,31.32,934.6,93.93,6.07,6663,0.9393
SSQ-0107,LOT-SYN-00107,India-Karnataka,potato,2025-B,commercial,3,3,10.37,1,38.55,461.6,87.47,12.53,2983,0.8747
SSQ-0108,LOT-SYN-00108,Peru-Cusco,sweetpotato,2025-A,small,1,4,12.51,5,13.28,277.6,77.46,22.54,8777,0.7746
SSQ-0109,LOT-SYN-00109,Kenya-Nakuru,potato,2025-B,medium,2,5,13.46,0,31.68,587.1,63.76,36.24,5612,0.6376
SSQ-0110,LOT-SYN-00110,Uganda-Kabale,potato,2025-A,commercial,3,1,6.92,3,30.43,593.6,88.24,11.76,9365,0.8824
SSQ-0111,LOT-SYN-00111,India-Karnataka,sweetpotato,2025-B,small,1,2,12.67,3,36.33,440.2,73.98,26.02,1282,0.7398
SSQ-0112,LOT-SYN-00112,Peru-Cusco,potato,2025-A,medium,2,3,11.52,3,20.92,466.6,76.09,23.91,7607,0.7609
SSQ-0113,LOT-SYN-00113,Kenya-Nakuru,potato,2025-B,commercial,3,4,1.98,1,31.49,574.0,85.3,14.7,7121,0.853
SSQ-0114,LOT-SYN-00114,Uganda-Kabale,sweetpotato,2025-A,small,1,5,15.39,5,24.01,583.4,70.98,29.02,6331,0.7098
SSQ-0115,LOT-SYN-00115,India-Karnataka,potato,2025-B,medium,2,1,7.11,5,37.93,944.0,100,0,7032,1.0
SSQ-0116,LOT-SYN-00116,Peru-Cusco,potato,2025-A,commercial,3,2,6.92,7,16.64,741.2,80.82,19.18,9218,0.8082
SSQ-0117,LOT-SYN-00117,Kenya-Nakuru,sweetpotato,2025-B,small,1,3,9.98,5,29.82,366.5,89.58,10.42,6596,0.8958
SSQ-0118,LOT-SYN-00118,Uganda-Kabale,potato,2025-A,medium,2,4,16.47,6,31.73,772.5,80.47,19.53,9212,0.8047
SSQ-0119,LOT-SYN-00119,India-Karnataka,potato,2025-B,commercial,3,5,3.12,3,37.97,686.3,96.05,3.95,8160,0.9605
SSQ-0120,LOT-SYN-00120,Peru-Cusco,sweetpotato,2025-A,small,1,1,16.27,6,16.31,239.9,68.23,31.77,3353,0.6823
SSQ-0121,LOT-SYN-00121,Kenya-Nakuru,potato,2025-B,medium,2,2,4.51,5,34.96,363.1,94.37,5.63,5494,0.9437
SSQ-0122,LOT-SYN-00122,Uganda-Kabale,potato,2025-A,commercial,3,3,14.02,0,28.19,330.1,64.89,35.11,6357,0.6489
SSQ-0123,LOT-SYN-00123,India-Karnataka,sweetpotato,2025-B,small,1,4,3.84,7,39.6,557.3,99.54,0.46,5935,0.9954
SSQ-0124,LOT-SYN-00124,Peru-Cusco,potato,2025-A,medium,2,5,6.6,5,17.79,392.7,76.98,23.02,9761,0.7698
SSQ-0125,LOT-SYN-00125,Kenya-Nakuru,potato,2025-B,commercial,3,1,4.8,6,37.26,677.0,95.43,4.57,4284,0.9543
SSQ-0126,LOT-SYN-00126,Uganda-Kabale,sweetpotato,2025-A,small,1,2,10.96,4,22.58,394.8,75.93,24.07,2938,0.7593
SSQ-0127,LOT-SYN-00127,India-Karnataka,potato,2025-B,medium,2,3,0,7,41.94,466.0,100,0,8882,1.0
SSQ-0128,LOT-SYN-00128,Peru-Cusco,potato,2025-A,commercial,3,4,9.74,7,13.63,475.0,83.0,17.0,5128,0.83
SSQ-0129,LOT-SYN-00129,Kenya-Nakuru,sweetpotato,2025-B,small,1,5,12.87,0,35.31,371.1,70.61,29.39,7993,0.7061
SSQ-0130,LOT-SYN-00130,Uganda-Kabale,potato,2025-A,medium,2,1,8.58,6,27.52,794.3,78.74,21.26,3362,0.7874
SSQ-0131,LOT-SYN-00131,India-Karnataka,potato,2025-B,commercial,3,2,5.23,2,44.69,450.9,93.84,6.16,3452,0.9384
SSQ-0132,LOT-SYN-00132,Peru-Cusco,sweetpotato,2025-A,small,1,3,18.28,0,18.77,196.9,59.77,40.23,3611,0.5977
SSQ-0133,LOT-SYN-00133,Kenya-Nakuru,potato,2025-B,medium,2,4,11.8,5,33.38,695.5,77.18,22.82,2451,0.7718
SSQ-0134,LOT-SYN-00134,Uganda-Kabale,potato,2025-A,commercial,3,5,12.11,1,21.58,374.4,71.35,28.65,5641,0.7135
SSQ-0135,LOT-SYN-00135,India-Karnataka,sweetpotato,2025-B,small,1,1,2.61,2,39.33,433.8,97.74,2.26,6454,0.9774
SSQ-0136,LOT-SYN-00136,Peru-Cusco,potato,2025-A,medium,2,2,8.25,1,20.53,588.8,68.42,31.58,8070,0.6842
SSQ-0137,LOT-SYN-00137,Kenya-Nakuru,potato,2025-B,commercial,3,3,8.56,3,31.46,604.7,90.82,9.18,2392,0.9082
SSQ-0138,LOT-SYN-00138,Uganda-Kabale,sweetpotato,2025-A,small,1,4,14.2,3,27.35,311.2,71.16,28.84,4166,0.7116
SSQ-0139,LOT-SYN-00139,India-Karnataka,potato,2025-B,medium,2,5,12.83,6,46.56,691.2,90.32,9.68,3730,0.9032
SSQ-0140,LOT-SYN-00140,Peru-Cusco,potato,2025-A,commercial,3,1,0,6,14.87,480.4,82.68,17.32,4602,0.8268
SSQ-0141,LOT-SYN-00141,Kenya-Nakuru,sweetpotato,2025-B,small,1,2,8.77,1,38.23,343.4,77.46,22.54,7230,0.7746
SSQ-0142,LOT-SYN-00142,Uganda-Kabale,potato,2025-A,medium,2,3,2.62,4,26.47,755.6,95.15,4.85,6940,0.9515
SSQ-0143,LOT-SYN-00143,India-Karnataka,potato,2025-B,commercial,3,4,3.05,5,41.77,493.4,92.83,7.17,1364,0.9283
SSQ-0144,LOT-SYN-00144,Peru-Cusco,sweetpotato,2025-A,small,1,5,16.9,6,17.87,506.5,63.9,36.1,3274,0.639
SSQ-0145,LOT-SYN-00145,Kenya-Nakuru,potato,2025-B,medium,2,1,0,0,32.85,824.8,98.2,1.8,6754,0.982
SSQ-0146,LOT-SYN-00146,Uganda-Kabale,potato,2025-A,commercial,3,2,0.46,4,25.4,648.2,93.43,6.57,2076,0.9343
SSQ-0147,LOT-SYN-00147,India-Karnataka,sweetpotato,2025-B,small,1,3,5.91,1,40.79,406.0,94.2,5.8,6983,0.942
SSQ-0148,LOT-SYN-00148,Peru-Cusco,potato,2025-A,medium,2,4,9.46,1,17.95,753.5,69.53,30.47,6654,0.6953
SSQ-0149,LOT-SYN-00149,Kenya-Nakuru,potato,2025-B,commercial,3,5,0,3,31.84,545.6,94.56,5.44,2277,0.9456
SSQ-0150,LOT-SYN-00150,Uganda-Kabale,sweetpotato,2025-A,small,1,1,14.73,2,25.93,499.5,79.31,20.69,7176,0.7931
SSQ-0151,LOT-SYN-00151,India-Karnataka,potato,2025-B,medium,2,2,15.3,1,44.04,578.9,70.64,29.36,3152,0.7064
SSQ-0152,LOT-SYN-00152,Peru-Cusco,potato,2025-A,commercial,3,3,5.72,7,15.85,678.7,88.64,11.36,5166,0.8864
SSQ-0153,LOT-SYN-00153,Kenya-Nakuru,sweetpotato,2025-B,small,1,4,1.88,0,33.8,364.9,86.84,13.16,5425,0.8684
SSQ-0154,LOT-SYN-00154,Uganda-Kabale,potato,2025-A,medium,2,5,0,7,26.23,753.7,97.65,2.35,5080,0.9765
SSQ-0155,LOT-SYN-00155,India-Karnataka,potato,2025-B,commercial,3,1,6.59,4,42.7,451.9,97.45,2.55,8295,0.9745
SSQ-0156,LOT-SYN-00156,Peru-Cusco,sweetpotato,2025-A,small,1,2,6.89,4,19.13,275.1,77.25,22.75,9608,0.7725
SSQ-0157,LOT-SYN-00157,Kenya-Nakuru,potato,2025-B,medium,2,3,7.72,4,28.85,672.5,90.96,9.04,5367,0.9096
SSQ-0158,LOT-SYN-00158,Uganda-Kabale,potato,2025-A,commercial,3,4,8.54,3,23.57,702.5,73.94,26.06,6577,0.7394
SSQ-0159,LOT-SYN-00159,India-Karnataka,sweetpotato,2025-B,small,1,5,9.28,3,39.22,746.6,89.77,10.23,9564,0.8977
SSQ-0160,LOT-SYN-00160,Peru-Cusco,potato,2025-A,medium,2,1,15.95,4,19.01,714.5,69.0,31.0,3936,0.69
SSQ-0161,LOT-SYN-00161,Kenya-Nakuru,potato,2025-B,commercial,3,2,8.04,7,31.74,1033.8,93.55,6.45,5519,0.9355
SSQ-0162,LOT-SYN-00162,Uganda-Kabale,sweetpotato,2025-A,small,1,3,1.08,3,22.46,683.2,91.95,8.05,1633,0.9195
SSQ-0163,LOT-SYN-00163,India-Karnataka,potato,2025-B,medium,2,4,11.55,2,42.46,454.7,80.25,19.75,1159,0.8025
SSQ-0164,LOT-SYN-00164,Peru-Cusco,potato,2025-A,commercial,3,5,14.66,1,18.96,693.4,63.03,36.97,5996,0.6303
SSQ-0165,LOT-SYN-00165,Kenya-Nakuru,sweetpotato,2025-B,small,1,1,7.66,7,34.01,248.9,93.67,6.33,5359,0.9367
SSQ-0166,LOT-SYN-00166,Uganda-Kabale,potato,2025-A,medium,2,2,13.29,7,25.32,780.7,74.59,25.41,8693,0.7459
SSQ-0167,LOT-SYN-00167,India-Karnataka,potato,2025-B,commercial,3,3,11.07,4,41.55,582.4,96.83,3.17,7239,0.9683
SSQ-0168,LOT-SYN-00168,Peru-Cusco,sweetpotato,2025-A,small,1,4,12.51,2,15.98,564.3,67.6,32.4,9254,0.676
SSQ-0169,LOT-SYN-00169,Kenya-Nakuru,potato,2025-B,medium,2,5,9.12,4,32.84,522.1,78.85,21.15,8498,0.7885
SSQ-0170,LOT-SYN-00170,Uganda-Kabale,potato,2025-A,commercial,3,1,14.12,7,30.3,697.6,77.26,22.74,9940,0.7726
SSQ-0171,LOT-SYN-00171,India-Karnataka,sweetpotato,2025-B,small,1,2,15.86,1,45.0,565.2,82.18,17.82,8742,0.8218
SSQ-0172,LOT-SYN-00172,Peru-Cusco,potato,2025-A,medium,2,3,8.1,1,19.51,653.0,72.41,27.59,3317,0.7241
SSQ-0173,LOT-SYN-00173,Kenya-Nakuru,potato,2025-B,commercial,3,4,1.41,1,31.24,515.6,91.55,8.45,8218,0.9155
SSQ-0174,LOT-SYN-00174,Uganda-Kabale,sweetpotato,2025-A,small,1,5,10.52,4,24.92,560.0,74.13,25.87,1209,0.7413
SSQ-0175,LOT-SYN-00175,India-Karnataka,potato,2025-B,medium,2,1,9.49,5,45.61,704.4,91.57,8.43,8923,0.9157
SSQ-0176,LOT-SYN-00176,Peru-Cusco,potato,2025-A,commercial,3,2,6.24,3,20.62,501.2,86.09,13.91,5253,0.8609
SSQ-0177,LOT-SYN-00177,Kenya-Nakuru,sweetpotato,2025-B,small,1,3,21.74,0,31.81,295.6,64.03,35.97,9964,0.6403
SSQ-0178,LOT-SYN-00178,Uganda-Kabale,potato,2025-A,medium,2,4,2.67,2,24.3,593.7,84.45,15.55,8082,0.8445
SSQ-0179,LOT-SYN-00179,India-Karnataka,potato,2025-B,commercial,3,5,13.88,4,41.3,734.5,85.16,14.84,1454,0.8516
SSQ-0180,LOT-SYN-00180,Peru-Cusco,sweetpotato,2025-A,small,1,1,12.71,0,16.77,385.8,62.79,37.21,3788,0.6279
SSQ-0181,LOT-SYN-00181,Kenya-Nakuru,potato,2025-B,medium,2,2,9.09,1,31.7,798.8,78.59,21.41,2232,0.7859
SSQ-0182,LOT-SYN-00182,Uganda-Kabale,potato,2025-A,commercial,3,3,6.93,6,30.17,440.4,89.57,10.43,1347,0.8957
SSQ-0183,LOT-SYN-00183,India-Karnataka,sweetpotato,2025-B,small,1,4,3.76,0,41.22,247.5,92.27,7.73,7172,0.9227
SSQ-0184,LOT-SYN-00184,Peru-Cusco,potato,2025-A,medium,2,5,6.18,3,21.43,619.7,82.32,17.68,6875,0.8232
SSQ-0185,LOT-SYN-00185,Kenya-Nakuru,potato,2025-B,commercial,3,1,5.46,7,28.22,614.5,91.75,8.25,4385,0.9175
SSQ-0186,LOT-SYN-00186,Uganda-Kabale,sweetpotato,2025-A,small,1,2,10.17,3,24.76,481.9,77.52,22.48,9758,0.7752
SSQ-0187,LOT-SYN-00187,India-Karnataka,potato,2025-B,medium,2,3,4.21,3,44.51,538.3,93.36,6.64,3306,0.9336
SSQ-0188,LOT-SYN-00188,Peru-Cusco,potato,2025-A,commercial,3,4,12.85,4,15.69,810.8,66.63,33.37,8121,0.6663
SSQ-0189,LOT-SYN-00189,Kenya-Nakuru,sweetpotato,2025-B,small,1,5,11.59,4,28.32,287.6,85.89,14.11,4387,0.8589
SSQ-0190,LOT-SYN-00190,Uganda-Kabale,potato,2025-A,medium,2,1,9.83,1,26.74,669.4,74.34,25.66,5355,0.7434
SSQ-0191,LOT-SYN-00191,India-Karnataka,potato,2025-B,commercial,3,2,2.42,1,43.9,770.9,89.45,10.55,8392,0.8945
SSQ-0192,LOT-SYN-00192,Peru-Cusco,sweetpotato,2025-A,small,1,3,21.1,4,19.41,156.6,55.62,44.38,2872,0.5562
SSQ-0193,LOT-SYN-00193,Kenya-Nakuru,potato,2025-B,medium,2,4,0,3,36.38,627.9,88.69,11.31,9915,0.8869
SSQ-0194,LOT-SYN-00194,Uganda-Kabale,potato,2025-A,commercial,3,5,10.65,4,22.58,315.0,79.92,20.08,1159,0.7992
SSQ-0195,LOT-SYN-00195,India-Karnataka,sweetpotato,2025-B,small,1,1,6.17,3,42.37,555.7,92.39,7.61,2806,0.9239
SSQ-0196,LOT-SYN-00196,Peru-Cusco,potato,2025-A,medium,2,2,6.63,3,17.96,457.9,87.7,12.3,7356,0.877
SSQ-0197,LOT-SYN-00197,Kenya-Nakuru,potato,2025-B,commercial,3,3,2.96,1,31.1,720.5,90.15,9.85,2342,0.9015
SSQ-0198,LOT-SYN-00198,Uganda-Kabale,sweetpotato,2025-A,small,1,4,13.03,4,26.16,484.8,69.73,30.27,3803,0.6973
SSQ-0199,LOT-SYN-00199,India-Karnataka,potato,2025-B,medium,2,5,9.2,6,40.74,508.8,98.72,1.28,8017,0.9872
SSQ-0200,LOT-SYN-00200,Peru-Cusco,potato,2025-A,commercial,3,1,4.67,3,13.78,690.1,85.19,14.81,6668,0.8519
SSQ-0201,LOT-SYN-00201,Kenya-Nakuru,sweetpotato,2025-B,small,1,2,16.9,3,37.64,417.2,74.8,25.2,4308,0.748
SSQ-0202,LOT-SYN-00202,Uganda-Kabale,potato,2025-A,medium,2,3,12.46,7,24.03,881.0,77.21,22.79,9314,0.7721
SSQ-0203,LOT-SYN-00203,India-Karnataka,potato,2025-B,commercial,3,4,12.24,4,42.57,690.4,83.12,16.88,6925,0.8312
SSQ-0204,LOT-SYN-00204,Peru-Cusco,sweetpotato,2025-A,small,1,5,2.82,1,21.69,284.5,77.01,22.99,6425,0.7701
SSQ-0205,LOT-SYN-00205,Kenya-Nakuru,potato,2025-B,medium,2,1,11.8,4,30.85,526.9,82.33,17.67,6885,0.8233
SSQ-0206,LOT-SYN-00206,Uganda-Kabale,potato,2025-A,commercial,3,2,3.87,3,26.11,417.4,93.09,6.91,4104,0.9309
SSQ-0207,LOT-SYN-00207,India-Karnataka,sweetpotato,2025-B,small,1,3,14.33,1,43.18,324.9,74.8,25.2,3956,0.748
SSQ-0208,LOT-SYN-00208,Peru-Cusco,potato,2025-A,medium,2,4,10.91,1,18.72,816.7,71.28,28.72,7318,0.7128
SSQ-0209,LOT-SYN-00209,Kenya-Nakuru,potato,2025-B,commercial,3,5,16.2,5,30.7,525.5,82.2,17.8,5371,0.822
SSQ-0210,LOT-SYN-00210,Uganda-Kabale,sweetpotato,2025-A,small,1,1,5.27,1,26.34,207.6,81.03,18.97,8691,0.8103
SSQ-0211,LOT-SYN-00211,India-Karnataka,potato,2025-B,medium,2,2,0,0,35.86,805.0,91.72,8.28,8562,0.9172
SSQ-0212,LOT-SYN-00212,Peru-Cusco,potato,2025-A,commercial,3,3,1.34,6,15.91,615.0,91.59,8.41,4563,0.9159
SSQ-0213,LOT-SYN-00213,Kenya-Nakuru,sweetpotato,2025-B,small,1,4,11.4,0,37.23,363.1,75.71,24.29,9277,0.7571
SSQ-0214,LOT-SYN-00214,Uganda-Kabale,potato,2025-A,medium,2,5,12.32,6,32.92,794.7,82.72,17.28,3647,0.8272
SSQ-0215,LOT-SYN-00215,India-Karnataka,potato,2025-B,commercial,3,1,16.28,6,41.13,749.0,83.83,16.17,1522,0.8383
SSQ-0216,LOT-SYN-00216,Peru-Cusco,sweetpotato,2025-A,small,1,2,8.79,2,17.36,363.2,78.16,21.84,7945,0.7816
SSQ-0217,LOT-SYN-00217,Kenya-Nakuru,potato,2025-B,medium,2,3,5.88,7,33.56,422.6,92.61,7.39,6552,0.9261
SSQ-0218,LOT-SYN-00218,Uganda-Kabale,potato,2025-A,commercial,3,4,2.76,2,26.43,553.7,86.43,13.57,2744,0.8643
SSQ-0219,LOT-SYN-00219,India-Karnataka,sweetpotato,2025-B,small,1,5,9.01,1,39.03,423.2,88.07,11.93,8044,0.8807
SSQ-0220,LOT-SYN-00220,Peru-Cusco,potato,2025-A,medium,2,1,10.97,7,19.36,690.3,77.26,22.74,5538,0.7726
SSQ-0221,LOT-SYN-00221,Kenya-Nakuru,potato,2025-B,commercial,3,2,1.29,6,35.47,613.6,96.33,3.67,5901,0.9633
SSQ-0222,LOT-SYN-00222,Uganda-Kabale,sweetpotato,2025-A,small,1,3,6.71,7,26.11,489.3,87.46,12.54,7218,0.8746
SSQ-0223,LOT-SYN-00223,India-Karnataka,potato,2025-B,medium,2,4,10.13,1,42.73,624.4,82.57,17.43,5400,0.8257
SSQ-0224,LOT-SYN-00224,Peru-Cusco,potato,2025-A,commercial,3,5,18.18,1,17.91,371.3,58.16,41.84,5541,0.5816
SSQ-0225,LOT-SYN-00225,Kenya-Nakuru,sweetpotato,2025-B,small,1,1,15.49,3,28.94,499.0,72.29,27.71,5070,0.7229
SSQ-0226,LOT-SYN-00226,Uganda-Kabale,potato,2025-A,medium,2,2,7.84,1,29.06,709.0,81.96,18.04,6654,0.8196
SSQ-0227,LOT-SYN-00227,India-Karnataka,potato,2025-B,commercial,3,3,5.2,3,47.1,921.8,92.14,7.86,4775,0.9214
SSQ-0228,LOT-SYN-00228,Peru-Cusco,sweetpotato,2025-A,small,1,4,10.97,3,15.16,593.0,77.58,22.42,9514,0.7758
SSQ-0229,LOT-SYN-00229,Kenya-Nakuru,potato,2025-B,medium,2,5,4.03,7,30.87,624.2,88.05,11.95,4683,0.8805
SSQ-0230,LOT-SYN-00230,Uganda-Kabale,potato,2025-A,commercial,3,1,21.77,0,27.16,610.8,56.15,43.85,7471,0.5615
SSQ-0231,LOT-SYN-00231,India-Karnataka,sweetpotato,2025-B,small,1,2,0,0,42.51,671.7,96.55,3.45,1698,0.9655
SSQ-0232,LOT-SYN-00232,Peru-Cusco,potato,2025-A,medium,2,3,8.09,3,17.12,823.7,74.14,25.86,6571,0.7414
SSQ-0233,LOT-SYN-00233,Kenya-Nakuru,potato,2025-B,commercial,3,4,11.6,2,37.29,656.9,69.32,30.68,6193,0.6932
SSQ-0234,LOT-SYN-00234,Uganda-Kabale,sweetpotato,2025-A,small,1,5,8.79,0,30.08,437.1,79.92,20.08,2161,0.7992
SSQ-0235,LOT-SYN-00235,India-Karnataka,potato,2025-B,medium,2,1,11.59,4,40.76,341.7,88.86,11.14,2302,0.8886
SSQ-0236,LOT-SYN-00236,Peru-Cusco,potato,2025-A,commercial,3,2,12.27,1,15.7,497.7,67.93,32.07,2564,0.6793
SSQ-0237,LOT-SYN-00237,Kenya-Nakuru,sweetpotato,2025-B,small,1,3,15.53,7,33.8,404.2,78.14,21.86,1482,0.7814
SSQ-0238,LOT-SYN-00238,Uganda-Kabale,potato,2025-A,medium,2,4,16.86,2,31.56,701.1,68.68,31.32,7171,0.6868
SSQ-0239,LOT-SYN-00239,India-Karnataka,potato,2025-B,commercial,3,5,6.26,0,40.46,718.8,89.49,10.51,8817,0.8949
SSQ-0240,LOT-SYN-00240,Peru-Cusco,sweetpotato,2025-A,small,1,1,0,4,12.22,254.1,91.97,8.03,8657,0.9197
SSQ-0241,LOT-SYN-00241,Kenya-Nakuru,potato,2025-B,medium,2,2,6.1,4,36.05,583.2,87.17,12.83,8042,0.8717
SSQ-0242,LOT-SYN-00242,Uganda-Kabale,potato,2025-A,commercial,3,3,5.38,1,29.92,401.5,80.45,19.55,8530,0.8045
SSQ-0243,LOT-SYN-00243,India-Karnataka,sweetpotato,2025-B,small,1,4,5.35,1,46.9,386.8,95.09,4.91,5150,0.9509
SSQ-0244,LOT-SYN-00244,Peru-Cusco,potato,2025-A,medium,2,5,2.1,7,17.73,745.8,83.97,16.03,8249,0.8397
SSQ-0245,LOT-SYN-00245,Kenya-Nakuru,potato,2025-B,commercial,3,1,10.48,3,34.61,604.5,74.08,25.92,8207,0.7408
SSQ-0246,LOT-SYN-00246,Uganda-Kabale,sweetpotato,2025-A,small,1,2,8.11,6,23.76,634.0,82.84,17.16,2123,0.8284
SSQ-0247,LOT-SYN-00247,India-Karnataka,potato,2025-B,medium,2,3,6.03,5,44.12,812.2,100,0,1572,1.0
SSQ-0248,LOT-SYN-00248,Peru-Cusco,potato,2025-A,commercial,3,4,14.35,4,18.71,902.1,67.52,32.48,8895,0.6752
SSQ-0249,LOT-SYN-00249,Kenya-Nakuru,sweetpotato,2025-B,small,1,5,9.0,7,31.21,447.5,95.37,4.63,4802,0.9537
SSQ-0250,LOT-SYN-00250,Uganda-Kabale,potato,2025-A,medium,2,1,8.0,1,26.1,500.3,84.23,15.77,1952,0.8423
SSQ-0251,LOT-SYN-00251,India-Karnataka,potato,2025-B,commercial,3,2,2.92,2,48.71,417.9,93.03,6.97,7323,0.9303
SSQ-0252,LOT-SYN-00252,Peru-Cusco,sweetpotato,2025-A,small,1,3,10.29,3,17.75,228.4,72.17,27.83,6302,0.7217
SSQ-0253,LOT-SYN-00253,Kenya-Nakuru,potato,2025-B,medium,2,4,6.81,4,31.44,683.9,89.17,10.83,4160,0.8917
SSQ-0254,LOT-SYN-00254,Uganda-Kabale,potato,2025-A,commercial,3,5,12.17,0,24.64,870.9,70.76,29.24,4166,0.7076
SSQ-0255,LOT-SYN-00255,India-Karnataka,sweetpotato,2025-B,small,1,1,10.37,1,47.94,327.9,85.4,14.6,5262,0.854
SSQ-0256,LOT-SYN-00256,Peru-Cusco,potato,2025-A,medium,2,2,12.57,7,23.17,620.0,72.09,27.91,6211,0.7209
SSQ-0257,LOT-SYN-00257,Kenya-Nakuru,potato,2025-B,commercial,3,3,13.69,5,33.4,428.7,83.94,16.06,1449,0.8394
SSQ-0258,LOT-SYN-00258,Uganda-Kabale,sweetpotato,2025-A,small,1,4,19.59,5,28.57,264.2,68.68,31.32,5438,0.6868
SSQ-0259,LOT-SYN-00259,India-Karnataka,potato,2025-B,medium,2,5,9.99,2,41.77,365.1,95.81,4.19,1600,0.9581
SSQ-0260,LOT-SYN-00260,Peru-Cusco,potato,2025-A,commercial,3,1,8.15,1,25.41,613.6,74.02,25.98,9687,0.7402
SSQ-0261,LOT-SYN-00261,Kenya-Nakuru,sweetpotato,2025-B,small,1,2,0.55,7,35.43,276.3,100,0,4161,1.0
SSQ-0262,LOT-SYN-00262,Uganda-Kabale,potato,2025-A,medium,2,3,5.36,0,24.74,456.5,85.82,14.18,6117,0.8582
SSQ-0263,LOT-SYN-00263,India-Karnataka,potato,2025-B,commercial,3,4,14.82,4,44.82,664.4,82.77,17.23,4298,0.8277
SSQ-0264,LOT-SYN-00264,Peru-Cusco,sweetpotato,2025-A,small,1,5,0,3,10.83,431.4,82.21,17.79,6758,0.8221
SSQ-0265,LOT-SYN-00265,Kenya-Nakuru,potato,2025-B,medium,2,1,8.25,7,32.01,743.5,89.9,10.1,6908,0.899
SSQ-0266,LOT-SYN-00266,Uganda-Kabale,potato,2025-A,commercial,3,2,11.67,2,28.34,362.0,77.34,22.66,3994,0.7734
SSQ-0267,LOT-SYN-00267,India-Karnataka,sweetpotato,2025-B,small,1,3,0.17,7,43.98,570.0,100,0,8403,1.0
SSQ-0268,LOT-SYN-00268,Peru-Cusco,potato,2025-A,medium,2,4,11.02,3,13.6,394.4,71.02,28.98,3958,0.7102
SSQ-0269,LOT-SYN-00269,Kenya-Nakuru,potato,2025-B,commercial,3,5,7.81,3,36.36,440.9,81.64,18.36,6192,0.8164
SSQ-0270,LOT-SYN-00270,Uganda-Kabale,sweetpotato,2025-A,small,1,1,8.42,1,27.51,250.0,79.97,20.03,4548,0.7997
SSQ-0271,LOT-SYN-00271,India-Karnataka,potato,2025-B,medium,2,2,4.13,7,45.63,649.4,97.46,2.54,5674,0.9746
SSQ-0272,LOT-SYN-00272,Peru-Cusco,potato,2025-A,commercial,3,3,15.32,6,18.54,627.2,65.28,34.72,1303,0.6528
SSQ-0273,LOT-SYN-00273,Kenya-Nakuru,sweetpotato,2025-B,small,1,4,13.71,1,35.74,250.3,70.75,29.25,5607,0.7075
SSQ-0274,LOT-SYN-00274,Uganda-Kabale,potato,2025-A,medium,2,5,8.72,7,24.52,605.8,86.84,13.16,2740,0.8684
SSQ-0275,LOT-SYN-00275,India-Karnataka,potato,2025-B,commercial,3,1,10.29,6,39.97,826.2,87.71,12.29,6807,0.8771
SSQ-0276,LOT-SYN-00276,Peru-Cusco,sweetpotato,2025-A,small,1,2,2.0,3,16.22,489.6,83.93,16.07,3171,0.8393
SSQ-0277,LOT-SYN-00277,Kenya-Nakuru,potato,2025-B,medium,2,3,11.59,7,37.14,838.9,85.6,14.4,8645,0.856
SSQ-0278,LOT-SYN-00278,Uganda-Kabale,potato,2025-A,commercial,3,4,8.74,4,30.01,569.0,74.55,25.45,1717,0.7455
SSQ-0279,LOT-SYN-00279,India-Karnataka,sweetpotato,2025-B,small,1,5,12.22,3,43.78,521.5,83.51,16.49,1905,0.8351
SSQ-0280,LOT-SYN-00280,Peru-Cusco,potato,2025-A,medium,2,1,16.11,2,13.89,677.6,59.52,40.48,9853,0.5952
SSQ-0281,LOT-SYN-00281,Kenya-Nakuru,potato,2025-B,commercial,3,2,10.58,6,33.62,868.8,84.44,15.56,8800,0.8444
SSQ-0282,LOT-SYN-00282,Uganda-Kabale,sweetpotato,2025-A,small,1,3,11.97,2,27.73,443.2,83.24,16.76,1721,0.8324
SSQ-0283,LOT-SYN-00283,India-Karnataka,potato,2025-B,medium,2,4,4.27,4,42.48,662.7,93.65,6.35,7924,0.9365
SSQ-0284,LOT-SYN-00284,Peru-Cusco,potato,2025-A,commercial,3,5,15.25,3,14.02,592.3,60.1,39.9,3231,0.601
SSQ-0285,LOT-SYN-00285,Kenya-Nakuru,sweetpotato,2025-B,small,1,1,8.87,3,33.61,200.7,82.48,17.52,4735,0.8248
SSQ-0286,LOT-SYN-00286,Uganda-Kabale,potato,2025-A,medium,2,2,9.62,6,23.49,563.3,80.33,19.67,7987,0.8033
SSQ-0287,LOT-SYN-00287,India-Karnataka,potato,2025-B,commercial,3,3,0.7,6,42.63,60,100,0,7026,1.0
SSQ-0288,LOT-SYN-00288,Peru-Cusco,sweetpotato,2025-A,small,1,4,7.01,2,18.34,316.1,77.2,22.8,2916,0.772
SSQ-0289,LOT-SYN-00289,Kenya-Nakuru,potato,2025-B,medium,2,5,3.85,1,28.06,589.4,89.57,10.43,1111,0.8957
SSQ-0290,LOT-SYN-00290,Uganda-Kabale,potato,2025-A,commercial,3,1,13.55,3,30.76,667.7,75.27,24.73,1952,0.7527
SSQ-0291,LOT-SYN-00291,India-Karnataka,sweetpotato,2025-B,small,1,2,5.29,2,38.26,231.1,98.16,1.84,7123,0.9816
SSQ-0292,LOT-SYN-00292,Peru-Cusco,potato,2025-A,medium,2,3,10.98,7,16.26,747.3,83.08,16.92,6550,0.8308
SSQ-0293,LOT-SYN-00293,Kenya-Nakuru,potato,2025-B,commercial,3,4,8.95,4,46.49,493.3,82.66,17.34,9649,0.8266
SSQ-0294,LOT-SYN-00294,Uganda-Kabale,sweetpotato,2025-A,small,1,5,7.83,1,27.86,218.6,81.55,18.45,7465,0.8155
SSQ-0295,LOT-SYN-00295,India-Karnataka,potato,2025-B,medium,2,1,7.84,1,42.75,869.1,93.15,6.85,1498,0.9315
SSQ-0296,LOT-SYN-00296,Peru-Cusco,potato,2025-A,commercial,3,2,3.65,3,18.78,782.8,76.21,23.79,7772,0.7621
SSQ-0297,LOT-SYN-00297,Kenya-Nakuru,sweetpotato,2025-B,small,1,3,6.32,0,35.04,458.6,84.76,15.24,5247,0.8476
SSQ-0298,LOT-SYN-00298,Uganda-Kabale,potato,2025-A,medium,2,4,14.94,5,26.86,739.4,72.56,27.44,3335,0.7256
SSQ-0299,LOT-SYN-00299,India-Karnataka,potato,2025-B,commercial,3,5,4.93,0,38.27,497.5,86.97,13.03,3207,0.8697
SSQ-0300,LOT-SYN-00300,Peru-Cusco,sweetpotato,2025-A,small,1,1,13.99,2,22.04,183.5,78.32,21.68,3123,0.7832
SSQ-0301,LOT-SYN-00301,Kenya-Nakuru,potato,2025-B,medium,2,2,9.29,5,26.87,544.1,78.07,21.93,4148,0.7807
SSQ-0302,LOT-SYN-00302,Uganda-Kabale,potato,2025-A,commercial,3,3,4.01,4,28.6,840.3,81.55,18.45,6752,0.8155
SSQ-0303,LOT-SYN-00303,India-Karnataka,sweetpotato,2025-B,small,1,4,8.81,1,40.42,321.0,85.45,14.55,6821,0.8545
SSQ-0304,LOT-SYN-00304,Peru-Cusco,potato,2025-A,medium,2,5,6.24,7,15.96,655.2,83.38,16.62,4252,0.8338
SSQ-0305,LOT-SYN-00305,Kenya-Nakuru,potato,2025-B,commercial,3,1,11.1,2,40.46,719.1,74.31,25.69,9665,0.7431
SSQ-0306,LOT-SYN-00306,Uganda-Kabale,sweetpotato,2025-A,small,1,2,9.27,7,22.64,392.5,87.08,12.92,4268,0.8708
SSQ-0307,LOT-SYN-00307,India-Karnataka,potato,2025-B,medium,2,3,12.12,1,43.21,455.2,78.27,21.73,3634,0.7827
SSQ-0308,LOT-SYN-00308,Peru-Cusco,potato,2025-A,commercial,3,4,11.27,3,15.32,841.2,66.62,33.38,7120,0.6662
SSQ-0309,LOT-SYN-00309,Kenya-Nakuru,sweetpotato,2025-B,small,1,5,10.66,0,35.87,677.7,72.56,27.44,2645,0.7256
SSQ-0310,LOT-SYN-00310,Uganda-Kabale,potato,2025-A,medium,2,1,9.51,2,21.65,657.0,78.65,21.35,5089,0.7865
SSQ-0311,LOT-SYN-00311,India-Karnataka,potato,2025-B,commercial,3,2,5.11,7,40.62,962.7,100,0,1936,1.0
SSQ-0312,LOT-SYN-00312,Peru-Cusco,sweetpotato,2025-A,small,1,3,8.86,3,17.36,519.4,77.7,22.3,1832,0.777
SSQ-0313,LOT-SYN-00313,Kenya-Nakuru,potato,2025-B,medium,2,4,13.26,6,34.24,523.4,82.38,17.62,4375,0.8238
SSQ-0314,LOT-SYN-00314,Uganda-Kabale,potato,2025-A,commercial,3,5,0.24,2,30.11,463.7,91.39,8.61,3870,0.9139
SSQ-0315,LOT-SYN-00315,India-Karnataka,sweetpotato,2025-B,small,1,1,11.35,1,44.77,326.6,82.67,17.33,7069,0.8267
SSQ-0316,LOT-SYN-00316,Peru-Cusco,potato,2025-A,medium,2,2,2.75,7,16.01,787.1,87.52,12.48,8320,0.8752
SSQ-0317,LOT-SYN-00317,Kenya-Nakuru,potato,2025-B,commercial,3,3,13.98,3,31.98,770.9,78.05,21.95,5747,0.7805
SSQ-0318,LOT-SYN-00318,Uganda-Kabale,sweetpotato,2025-A,small,1,4,1.75,5,27.72,309.1,81.9,18.1,3758,0.819
SSQ-0319,LOT-SYN-00319,India-Karnataka,potato,2025-B,medium,2,5,13.49,3,40.3,688.6,89.31,10.69,4214,0.8931
SSQ-0320,LOT-SYN-00320,Peru-Cusco,potato,2025-A,commercial,3,1,7.46,0,16.33,648.4,71.38,28.62,5948,0.7138
